{
  "best_cases": {
    "run": "doc2query_bm25_cases",
    "collection": "cases",
    "map": 0.10750629479954382,
    "mrr": 0.2127814811608836,
    "p@5": 0.08,
    "p@10": 0.05800000000000001,
    "recall@10": 0.14765268065268067,
    "recall@50": 0.24547202797202794,
    "recall@100": 0.30104778554778555,
    "ndcg@10": 0.13601770981714723,
    "ndcg@100": 0.18186937568202505
  },
  "best_statutes": {
    "run": "bm25_statutes",
    "collection": "statutes",
    "map": 0.07597723871986559,
    "mrr": 0.17952681644943028,
    "p@5": 0.06000000000000001,
    "p@10": 0.05200000000000002,
    "recall@10": 0.12200000000000003,
    "recall@50": 0.2753333333333334,
    "recall@100": 0.44233333333333336,
    "ndcg@10": 0.09498125814603159,
    "ndcg@100": 0.1942053048311718
  },
  "runs": 10,
  "overlap": {
    "cases_bm25_vs_colbert_top10": 0.3744014155778861,
    "statutes_bm25_vs_colbert_top10": 0.28291896785704834
  }
}