{
  "cases_bm25_vs_colbert_top10": 0.3744014155778861,
  "statutes_bm25_vs_colbert_top10": 0.28291896785704834
}