{
  "run_file": "D:\\DL Legal AI Project\\model_benchmark_outputs\\runs\\cross_encoder_rerank_statutes.trec",
  "qrels_file": "D:\\DL Legal AI Project\\data\\processed\\qrels_statutes.jsonl",
  "validation": {
    "path": "D:\\DL Legal AI Project\\model_benchmark_outputs\\runs\\cross_encoder_rerank_statutes.trec",
    "rows": 9850,
    "queries": 50,
    "valid": true,
    "problems": [],
    "last_query_seen": "AILA_Q50"
  },
  "overall": {
    "map": 0.06539589490063696,
    "mrr": 0.17350095045406985,
    "p@5": 0.044,
    "p@10": 0.028000000000000004,
    "recall@10": 0.06400000000000002,
    "recall@50": 0.24833333333333335,
    "recall@100": 0.4703333333333333,
    "ndcg@10": 0.06882415974245017,
    "ndcg@100": 0.18687104387065007
  },
  "per_query": {
    "AILA_Q1": {
      "num_relevant": 4,
      "retrieved": 197,
      "ap": 0.02502397416718102,
      "rr": 0.018518518518518517,
      "p@5": 0.0,
      "p@10": 0.0,
      "recall@10": 0.0,
      "recall@50": 0.0,
      "recall@100": 0.75,
      "ndcg@10": 0.0,
      "ndcg@100": 0.19004216608844834
    },
    "AILA_Q10": {
      "num_relevant": 5,
      "retrieved": 197,
      "ap": 0.0778511570649289,
      "rr": 0.25,
      "p@5": 0.2,
      "p@10": 0.1,
      "recall@10": 0.2,
      "recall@50": 0.4,
      "recall@100": 0.4,
      "ndcg@10": 0.14606834984270645,
      "ndcg@100": 0.20857178832305684
    },
    "AILA_Q11": {
      "num_relevant": 4,
      "retrieved": 197,
      "ap": 0.3184294871794872,
      "rr": 1.0,
      "p@5": 0.2,
      "p@10": 0.1,
      "recall@10": 0.25,
      "recall@50": 0.75,
      "recall@100": 0.75,
      "ndcg@10": 0.3903800499921017,
      "ndcg@100": 0.5679875371017196
    },
    "AILA_Q12": {
      "num_relevant": 4,
      "retrieved": 197,
      "ap": 0.13805436862791165,
      "rr": 0.5,
      "p@5": 0.2,
      "p@10": 0.1,
      "recall@10": 0.25,
      "recall@50": 0.25,
      "recall@100": 0.25,
      "ndcg@10": 0.24630238874073,
      "ndcg@100": 0.24630238874073
    },
    "AILA_Q13": {
      "num_relevant": 5,
      "retrieved": 197,
      "ap": 0.07568579205510516,
      "rr": 0.07142857142857142,
      "p@5": 0.0,
      "p@10": 0.0,
      "recall@10": 0.0,
      "recall@50": 0.6,
      "recall@100": 1.0,
      "ndcg@10": 0.0,
      "ndcg@100": 0.3369133396191257
    },
    "AILA_Q14": {
      "num_relevant": 5,
      "retrieved": 197,
      "ap": 0.020538226739150067,
      "rr": 0.009615384615384616,
      "p@5": 0.0,
      "p@10": 0.0,
      "recall@10": 0.0,
      "recall@50": 0.0,
      "recall@100": 0.0,
      "ndcg@10": 0.0,
      "ndcg@100": 0.0
    },
    "AILA_Q15": {
      "num_relevant": 4,
      "retrieved": 197,
      "ap": 0.018042325441328853,
      "rr": 0.009009009009009009,
      "p@5": 0.0,
      "p@10": 0.0,
      "recall@10": 0.0,
      "recall@50": 0.0,
      "recall@100": 0.0,
      "ndcg@10": 0.0,
      "ndcg@100": 0.0
    },
    "AILA_Q16": {
      "num_relevant": 5,
      "retrieved": 197,
      "ap": 0.0367178294903524,
      "rr": 0.03125,
      "p@5": 0.0,
      "p@10": 0.0,
      "recall@10": 0.0,
      "recall@50": 0.2,
      "recall@100": 0.6,
      "ndcg@10": 0.0,
      "ndcg@100": 0.17895698081045455
    },
    "AILA_Q17": {
      "num_relevant": 2,
      "retrieved": 197,
      "ap": 0.02125055629728527,
      "rr": 0.023809523809523808,
      "p@5": 0.0,
      "p@10": 0.0,
      "recall@10": 0.0,
      "recall@50": 0.5,
      "recall@100": 0.5,
      "ndcg@10": 0.0,
      "ndcg@100": 0.11299618070315114
    },
    "AILA_Q18": {
      "num_relevant": 4,
      "retrieved": 197,
      "ap": 0.20323581560283688,
      "rr": 0.5,
      "p@5": 0.2,
      "p@10": 0.2,
      "recall@10": 0.5,
      "recall@50": 0.5,
      "recall@100": 0.75,
      "ndcg@10": 0.369453583111095,
      "ndcg@100": 0.4325216145679892
    },
    "AILA_Q19": {
      "num_relevant": 5,
      "retrieved": 197,
      "ap": 0.02074393008696477,
      "rr": 0.012658227848101266,
      "p@5": 0.0,
      "p@10": 0.0,
      "recall@10": 0.0,
      "recall@50": 0.0,
      "recall@100": 0.2,
      "ndcg@10": 0.0,
      "ndcg@100": 0.05364822253323318
    },
    "AILA_Q2": {
      "num_relevant": 3,
      "retrieved": 197,
      "ap": 0.01664675428116288,
      "rr": 0.037037037037037035,
      "p@5": 0.0,
      "p@10": 0.0,
      "recall@10": 0.0,
      "recall@50": 0.3333333333333333,
      "recall@100": 0.3333333333333333,
      "ndcg@10": 0.0,
      "ndcg@100": 0.0976168253917686
    },
    "AILA_Q20": {
      "num_relevant": 4,
      "retrieved": 197,
      "ap": 0.026703882123507782,
      "rr": 0.03125,
      "p@5": 0.0,
      "p@10": 0.0,
      "recall@10": 0.0,
      "recall@50": 0.25,
      "recall@100": 0.5,
      "ndcg@10": 0.0,
      "ndcg@100": 0.13782455340673638
    },
    "AILA_Q21": {
      "num_relevant": 4,
      "retrieved": 197,
      "ap": 0.033934576466081286,
      "rr": 0.045454545454545456,
      "p@5": 0.0,
      "p@10": 0.0,
      "recall@10": 0.0,
      "recall@50": 0.25,
      "recall@100": 0.5,
      "ndcg@10": 0.0,
      "ndcg@100": 0.1529399765062495
    },
    "AILA_Q22": {
      "num_relevant": 5,
      "retrieved": 197,
      "ap": 0.03173299818461109,
      "rr": 0.023809523809523808,
      "p@5": 0.0,
      "p@10": 0.0,
      "recall@10": 0.0,
      "recall@50": 0.2,
      "recall@100": 0.6,
      "ndcg@10": 0.0,
      "ndcg@100": 0.1751558518733411
    },
    "AILA_Q23": {
      "num_relevant": 5,
      "retrieved": 197,
      "ap": 0.02787660291006433,
      "rr": 0.02631578947368421,
      "p@5": 0.0,
      "p@10": 0.0,
      "recall@10": 0.0,
      "recall@50": 0.2,
      "recall@100": 0.6,
      "ndcg@10": 0.0,
      "ndcg@100": 0.17136966365511325
    },
    "AILA_Q24": {
      "num_relevant": 5,
      "retrieved": 197,
      "ap": 0.21689173093272687,
      "rr": 1.0,
      "p@5": 0.2,
      "p@10": 0.1,
      "recall@10": 0.2,
      "recall@50": 0.2,
      "recall@100": 0.2,
      "ndcg@10": 0.3391602052736161,
      "ndcg@100": 0.3391602052736161
    },
    "AILA_Q25": {
      "num_relevant": 5,
      "retrieved": 197,
      "ap": 0.037435580292723154,
      "rr": 0.038461538461538464,
      "p@5": 0.0,
      "p@10": 0.0,
      "recall@10": 0.0,
      "recall@50": 0.4,
      "recall@100": 0.6,
      "ndcg@10": 0.0,
      "ndcg@100": 0.18424607466033055
    },
    "AILA_Q26": {
      "num_relevant": 5,
      "retrieved": 197,
      "ap": 0.030388346432671874,
      "rr": 0.012658227848101266,
      "p@5": 0.0,
      "p@10": 0.0,
      "recall@10": 0.0,
      "recall@50": 0.0,
      "recall@100": 0.8,
      "ndcg@10": 0.0,
      "ndcg@100": 0.20894682868852035
    },
    "AILA_Q27": {
      "num_relevant": 4,
      "retrieved": 197,
      "ap": 0.045815295815295816,
      "rr": 0.047619047619047616,
      "p@5": 0.0,
      "p@10": 0.0,
      "recall@10": 0.0,
      "recall@50": 0.5,
      "recall@100": 1.0,
      "ndcg@10": 0.0,
      "ndcg@100": 0.28330439324961904
    },
    "AILA_Q28": {
      "num_relevant": 4,
      "retrieved": 197,
      "ap": 0.09762326425818833,
      "rr": 0.3333333333333333,
      "p@5": 0.2,
      "p@10": 0.1,
      "recall@10": 0.25,
      "recall@50": 0.25,
      "recall@100": 0.25,
      "ndcg@10": 0.19519002499605084,
      "ndcg@100": 0.19519002499605084
    },
    "AILA_Q29": {
      "num_relevant": 4,
      "retrieved": 197,
      "ap": 0.026120041700625728,
      "rr": 0.05263157894736842,
      "p@5": 0.0,
      "p@10": 0.0,
      "recall@10": 0.0,
      "recall@50": 0.25,
      "recall@100": 0.25,
      "ndcg@10": 0.0,
      "ndcg@100": 0.09032543842038994
    },
    "AILA_Q3": {
      "num_relevant": 4,
      "retrieved": 197,
      "ap": 0.28554258241758246,
      "rr": 1.0,
      "p@5": 0.2,
      "p@10": 0.1,
      "recall@10": 0.25,
      "recall@50": 0.5,
      "recall@100": 1.0,
      "ndcg@10": 0.3903800499921017,
      "ndcg@100": 0.5885179974737957
    },
    "AILA_Q30": {
      "num_relevant": 5,
      "retrieved": 197,
      "ap": 0.027577032851734497,