{
  "run_file": "D:\\DL Legal AI Project\\model_benchmark_outputs\\runs\\cross_encoder_rerank_cases.trec",
  "qrels_file": "D:\\DL Legal AI Project\\data\\processed\\qrels_cases.jsonl",
  "validation": {
    "path": "D:\\DL Legal AI Project\\model_benchmark_outputs\\runs\\cross_encoder_rerank_cases.trec",
    "rows": 10000,
    "queries": 50,
    "valid": true,
    "problems": [],
    "last_query_seen": "AILA_Q50"
  },
  "overall": {
    "map": 0.09373695068204099,
    "mrr": 0.20619753972941898,
    "p@5": 0.052000000000000005,
    "p@10": 0.036000000000000004,
    "recall@10": 0.1196142191142191,
    "recall@50": 0.20987801087801083,
    "recall@100": 0.27973271173271175,
    "ndcg@10": 0.11710159424912886,
    "ndcg@100": 0.16413244974584024
  },
  "per_query": {
    "AILA_Q1": {
      "num_relevant": 2,
      "retrieved": 200,
      "ap": 0.0033783783783783786,
      "rr": 0.006756756756756757,
      "p@5": 0.0,
      "p@10": 0.0,
      "recall@10": 0.0,
      "recall@50": 0.0,
      "recall@100": 0.0,
      "ndcg@10": 0.0,
      "ndcg@100": 0.0
    },
    "AILA_Q10": {
      "num_relevant": 3,
      "retrieved": 200,
      "ap": 0.014836316723109177,
      "rr": 0.02564102564102564,
      "p@5": 0.0,
      "p@10": 0.0,
      "recall@10": 0.0,
      "recall@50": 0.3333333333333333,
      "recall@100": 0.3333333333333333,
      "ndcg@10": 0.0,
      "ndcg@100": 0.0881783289168413
    },
    "AILA_Q11": {
      "num_relevant": 2,
      "retrieved": 200,
      "ap": 0.02639344262295082,
      "rr": 0.02,
      "p@5": 0.0,
      "p@10": 0.0,
      "recall@10": 0.0,
      "recall@50": 0.5,
      "recall@100": 1.0,
      "ndcg@10": 0.0,
      "ndcg@100": 0.2110699204500358
    },
    "AILA_Q12": {
      "num_relevant": 1,
      "retrieved": 200,
      "ap": 0.0,
      "rr": 0.0,
      "p@5": 0.0,
      "p@10": 0.0,
      "recall@10": 0.0,
      "recall@50": 0.0,
      "recall@100": 0.0,
      "ndcg@10": 0.0,
      "ndcg@100": 0.0
    },
    "AILA_Q13": {
      "num_relevant": 3,
      "retrieved": 200,
      "ap": 0.09177215189873418,
      "rr": 0.25,
      "p@5": 0.2,
      "p@10": 0.1,
      "recall@10": 0.3333333333333333,
      "recall@50": 0.3333333333333333,
      "recall@100": 0.6666666666666666,
      "ndcg@10": 0.20210734650054757,
      "ndcg@100": 0.27633766341956933
    },
    "AILA_Q14": {
      "num_relevant": 1,
      "retrieved": 200,
      "ap": 1.0,
      "rr": 1.0,
      "p@5": 0.2,
      "p@10": 0.1,
      "recall@10": 1.0,
      "recall@50": 1.0,
      "recall@100": 1.0,
      "ndcg@10": 1.0,
      "ndcg@100": 1.0
    },
    "AILA_Q15": {
      "num_relevant": 1,
      "retrieved": 200,
      "ap": 0.0,
      "rr": 0.0,
      "p@5": 0.0,
      "p@10": 0.0,
      "recall@10": 0.0,
      "recall@50": 0.0,
      "recall@100": 0.0,
      "ndcg@10": 0.0,
      "ndcg@100": 0.0
    },
    "AILA_Q16": {
      "num_relevant": 2,
      "retrieved": 200,
      "ap": 0.0,
      "rr": 0.0,
      "p@5": 0.0,
      "p@10": 0.0,
      "recall@10": 0.0,
      "recall@50": 0.0,
      "recall@100": 0.0,
      "ndcg@10": 0.0,
      "ndcg@100": 0.0
    },
    "AILA_Q17": {
      "num_relevant": 3,
      "retrieved": 200,
      "ap": 0.01693908965030543,
      "rr": 0.011627906976744186,
      "p@5": 0.0,
      "p@10": 0.0,
      "recall@10": 0.0,
      "recall@50": 0.0,
      "recall@100": 0.6666666666666666,
      "ndcg@10": 0.0,
      "ndcg@100": 0.1434695630345159
    },
    "AILA_Q18": {
      "num_relevant": 1,
      "retrieved": 200,
      "ap": 1.0,
      "rr": 1.0,
      "p@5": 0.2,
      "p@10": 0.1,
      "recall@10": 1.0,
      "recall@50": 1.0,
      "recall@100": 1.0,
      "ndcg@10": 1.0,
      "ndcg@100": 1.0
    },
    "AILA_Q19": {
      "num_relevant": 4,
      "retrieved": 200,
      "ap": 0.00423728813559322,
      "rr": 0.01694915254237288,
      "p@5": 0.0,
      "p@10": 0.0,
      "recall@10": 0.0,
      "recall@50": 0.0,
      "recall@100": 0.25,
      "ndcg@10": 0.0,
      "ndcg@100": 0.06608892507376554
    },
    "AILA_Q2": {
      "num_relevant": 2,
      "retrieved": 200,
      "ap": 0.0,
      "rr": 0.0,
      "p@5": 0.0,
      "p@10": 0.0,
      "recall@10": 0.0,
      "recall@50": 0.0,
      "recall@100": 0.0,
      "ndcg@10": 0.0,
      "ndcg@100": 0.0
    },
    "AILA_Q20": {
      "num_relevant": 2,
      "retrieved": 200,
      "ap": 0.0,
      "rr": 0.0,
      "p@5": 0.0,
      "p@10": 0.0,
      "recall@10": 0.0,
      "recall@50": 0.0,
      "recall@100": 0.0,
      "ndcg@10": 0.0,
      "ndcg@100": 0.0
    },
    "AILA_Q21": {
      "num_relevant": 4,
      "retrieved": 200,
      "ap": 0.3125,
      "rr": 1.0,
      "p@5": 0.2,
      "p@10": 0.2,
      "recall@10": 0.5,
      "recall@50": 0.5,
      "recall@100": 0.5,
      "ndcg@10": 0.5135312443624667,
      "ndcg@100": 0.5135312443624667
    },
    "AILA_Q22": {
      "num_relevant": 2,
      "retrieved": 200,
      "ap": 0.0,
      "rr": 0.0,
      "p@5": 0.0,
      "p@10": 0.0,
      "recall@10": 0.0,
      "recall@50": 0.0,
      "recall@100": 0.0,
      "ndcg@10": 0.0,
      "ndcg@100": 0.0
    },
    "AILA_Q23": {
      "num_relevant": 2,
      "retrieved": 200,
      "ap": 0.0034482758620689655,
      "rr": 0.006896551724137931,
      "p@5": 0.0,
      "p@10": 0.0,
      "recall@10": 0.0,
      "recall@50": 0.0,
      "recall@100": 0.0,
      "ndcg@10": 0.0,
      "ndcg@100": 0.0
    },
    "AILA_Q24": {
      "num_relevant": 1,
      "retrieved": 200,
      "ap": 0.0,
      "rr": 0.0,
      "p@5": 0.0,
      "p@10": 0.0,
      "recall@10": 0.0,
      "recall@50": 0.0,
      "recall@100": 0.0,
      "ndcg@10": 0.0,
      "ndcg@100": 0.0
    },
    "AILA_Q25": {
      "num_relevant": 6,
      "retrieved": 200,
      "ap": 0.01747311827956989,
      "rr": 0.08333333333333333,
      "p@5": 0.0,
      "p@10": 0.0,
      "recall@10": 0.0,
      "recall@50": 0.16666666666666666,
      "recall@100": 0.3333333333333333,
      "ndcg@10": 0.0,
      "ndcg@100": 0.12794121580821696
    },
    "AILA_Q26": {
      "num_relevant": 8,
      "retrieved": 200,
      "ap": 0.05067560547092917,
      "rr": 0.25,
      "p@5": 0.2,
      "p@10": 0.1,
      "recall@10": 0.125,
      "recall@50": 0.25,
      "recall@100": 0.25,
      "ndcg@10": 0.10893649261775588,
      "ndcg@100": 0.15352812450686681
    },
    "AILA_Q27": {
      "num_relevant": 5,
      "retrieved": 200,
      "ap": 0.30416413373860174,
      "rr": 1.0,
      "p@5": 0.2,
      "p@10": 0.2,
      "recall@10": 0.4,
      "recall@50": 0.8,
      "recall@100": 1.0,
      "ndcg@10": 0.45221360703148816,
      "ndcg@100": 0.6315302961574091
    },
    "AILA_Q28": {
      "num_relevant": 2,
      "retrieved": 200,
      "ap": 0.0,
      "rr": 0.0,
      "p@5": 0.0,
      "p@10": 0.0,
      "recall@10": 0.0,
      "recall@50": 0.0,
      "recall@100": 0.0,
      "ndcg@10": 0.0,
      "ndcg@100": 0.0
    },
    "AILA_Q29": {
      "num_relevant": 22,
      "retrieved": 200,
      "ap": 0.05082365034016927,
      "rr": 1.0,
      "p@5": 0.2,
      "p@10": 0.1,
      "recall@10": 0.045454545454545456,
      "recall@50": 0.09090909090909091,
      "recall@100": 0.09090909090909091,
      "ndcg@10": 0.22009176629808017,
      "ndcg@100": 0.16108936463212076
    },
    "AILA_Q3": {
      "num_relevant": 1,
      "retrieved": 200,
      "ap": 0.0,
      "rr": 0.0,
      "p@5": 0.0,
      "p@10": 0.0,
      "recall@10": 0.0,
      "recall@50": 0.0,
      "recall@100": 0.0,
      "ndcg@10": 0.0,
      "ndcg@100": 0.0
    },
    "AILA_Q30": {
      "num_relevant": 10,
      "retrieved": 200,
      "ap": 0.013751532667717638,
      "rr": 0.05,
      "p@5": 0.0,
      "p@10": 0.0,
      "recall@10": 0.0,
      "recall@50": 0.2,
      "recall@100": 0.2,
      "ndcg@10": 0.0,
      "ndcg@100": 0.08930748165857323
    },
    "AILA_Q31": {
      "num_relevant": 2,
      "retrieved": 200,
      "ap": 0.041666666666666664,
      "rr": 0.08333333333333333,
      "p@5": 0.0,
      "p@10": 0.0,
      "recall@10": 0.0,