{
  "run_file": "D:\\DL Legal AI Project\\model_benchmark_outputs\\runs\\dense_retrieval_cases.trec",
  "qrels_file": "D:\\DL Legal AI Project\\data\\processed\\qrels_cases.jsonl",
  "validation": {
    "path": "D:\\DL Legal AI Project\\model_benchmark_outputs\\runs\\dense_retrieval_cases.trec",
    "rows": 50000,
    "queries": 50,
    "valid": true,
    "problems": [],
    "last_query_seen": "AILA_Q50"
  },
  "overall": {
    "map": 0.11403913609796938,
    "mrr": 0.2130620461886689,
    "p@5": 0.08,
    "p@10": 0.04800000000000001,
    "recall@10": 0.14083760683760682,
    "recall@50": 0.25987917637917635,
    "recall@100": 0.3287529137529138,
    "ndcg@10": 0.13348374293216644,
    "ndcg@100": 0.19032048947026994
  },
  "per_query": {
    "AILA_Q1": {
      "num_relevant": 2,
      "retrieved": 1000,
      "ap": 0.003070795625942685,
      "rr": 0.003125,
      "p@5": 0.0,
      "p@10": 0.0,
      "recall@10": 0.0,
      "recall@50": 0.0,
      "recall@100": 0.0,
      "ndcg@10": 0.0,
      "ndcg@100": 0.0
    },
    "AILA_Q10": {
      "num_relevant": 3,
      "retrieved": 1000,
      "ap": 0.0011337868480725624,
      "rr": 0.003401360544217687,
      "p@5": 0.0,
      "p@10": 0.0,
      "recall@10": 0.0,
      "recall@50": 0.0,
      "recall@100": 0.0,
      "ndcg@10": 0.0,
      "ndcg@100": 0.0
    },
    "AILA_Q11": {
      "num_relevant": 2,
      "retrieved": 1000,
      "ap": 0.3055555555555556,
      "rr": 0.5,
      "p@5": 0.2,
      "p@10": 0.1,
      "recall@10": 0.5,
      "recall@50": 1.0,
      "recall@100": 1.0,
      "ndcg@10": 0.38685280723454163,
      "ndcg@100": 0.5311931216172628
    },
    "AILA_Q12": {
      "num_relevant": 1,
      "retrieved": 1000,
      "ap": 0.009345794392523364,
      "rr": 0.009345794392523364,
      "p@5": 0.0,
      "p@10": 0.0,
      "recall@10": 0.0,
      "recall@50": 0.0,
      "recall@100": 0.0,
      "ndcg@10": 0.0,
      "ndcg@100": 0.0
    },
    "AILA_Q13": {
      "num_relevant": 3,
      "retrieved": 1000,
      "ap": 0.13093171296296294,
      "rr": 0.16666666666666666,
      "p@5": 0.0,
      "p@10": 0.2,
      "recall@10": 0.6666666666666666,
      "recall@50": 0.6666666666666666,
      "recall@100": 0.6666666666666666,
      "ndcg@10": 0.3084274278260313,
      "ndcg@100": 0.3084274278260313
    },
    "AILA_Q14": {
      "num_relevant": 1,
      "retrieved": 1000,
      "ap": 0.2,
      "rr": 0.2,
      "p@5": 0.2,
      "p@10": 0.1,
      "recall@10": 1.0,
      "recall@50": 1.0,
      "recall@100": 1.0,
      "ndcg@10": 0.38685280723454163,
      "ndcg@100": 0.38685280723454163
    },
    "AILA_Q15": {
      "num_relevant": 1,
      "retrieved": 1000,
      "ap": 0.0,
      "rr": 0.0,
      "p@5": 0.0,
      "p@10": 0.0,
      "recall@10": 0.0,
      "recall@50": 0.0,
      "recall@100": 0.0,
      "ndcg@10": 0.0,
      "ndcg@100": 0.0
    },
    "AILA_Q16": {
      "num_relevant": 2,
      "retrieved": 1000,
      "ap": 0.0032243818471065877,
      "rr": 0.0026246719160104987,
      "p@5": 0.0,
      "p@10": 0.0,
      "recall@10": 0.0,
      "recall@50": 0.0,
      "recall@100": 0.0,
      "ndcg@10": 0.0,
      "ndcg@100": 0.0
    },
    "AILA_Q17": {
      "num_relevant": 3,
      "retrieved": 1000,
      "ap": 0.028253684628500687,
      "rr": 0.014925373134328358,
      "p@5": 0.0,
      "p@10": 0.0,
      "recall@10": 0.0,
      "recall@50": 0.0,
      "recall@100": 1.0,
      "ndcg@10": 0.0,
      "ndcg@100": 0.2289629871563984
    },
    "AILA_Q18": {
      "num_relevant": 1,
      "retrieved": 1000,
      "ap": 1.0,
      "rr": 1.0,
      "p@5": 0.2,
      "p@10": 0.1,
      "recall@10": 1.0,
      "recall@50": 1.0,
      "recall@100": 1.0,
      "ndcg@10": 1.0,
      "ndcg@100": 1.0
    },
    "AILA_Q19": {
      "num_relevant": 4,
      "retrieved": 1000,
      "ap": 0.004453193119300411,
      "rr": 0.006134969325153374,
      "p@5": 0.0,
      "p@10": 0.0,
      "recall@10": 0.0,
      "recall@50": 0.0,
      "recall@100": 0.0,
      "ndcg@10": 0.0,
      "ndcg@100": 0.0
    },
    "AILA_Q2": {
      "num_relevant": 2,
      "retrieved": 1000,
      "ap": 0.012166202701309413,
      "rr": 0.018867924528301886,
      "p@5": 0.0,
      "p@10": 0.0,
      "recall@10": 0.0,
      "recall@50": 0.0,
      "recall@100": 0.5,
      "ndcg@10": 0.0,
      "ndcg@100": 0.1065437321815508
    },
    "AILA_Q20": {
      "num_relevant": 2,
      "retrieved": 1000,
      "ap": 0.0005055611729019212,
      "rr": 0.0010111223458038423,
      "p@5": 0.0,
      "p@10": 0.0,
      "recall@10": 0.0,
      "recall@50": 0.0,
      "recall@100": 0.0,
      "ndcg@10": 0.0,
      "ndcg@100": 0.0
    },
    "AILA_Q21": {
      "num_relevant": 4,
      "retrieved": 1000,
      "ap": 0.3858945932116664,
      "rr": 1.0,
      "p@5": 0.4,
      "p@10": 0.2,
      "recall@10": 0.5,
      "recall@50": 0.5,
      "recall@100": 0.75,
      "ndcg@10": 0.5585075862632192,
      "ndcg@100": 0.6197432937746975
    },
    "AILA_Q22": {
      "num_relevant": 2,
      "retrieved": 1000,
      "ap": 0.0008576329331046312,
      "rr": 0.0017152658662092624,
      "p@5": 0.0,
      "p@10": 0.0,
      "recall@10": 0.0,
      "recall@50": 0.0,
      "recall@100": 0.0,
      "ndcg@10": 0.0,
      "ndcg@100": 0.0
    },
    "AILA_Q23": {
      "num_relevant": 2,
      "retrieved": 1000,
      "ap": 0.0032499476658990997,
      "rr": 0.0035587188612099642,
      "p@5": 0.0,
      "p@10": 0.0,
      "recall@10": 0.0,
      "recall@50": 0.0,
      "recall@100": 0.0,
      "ndcg@10": 0.0,
      "ndcg@100": 0.0
    },
    "AILA_Q24": {
      "num_relevant": 1,
      "retrieved": 1000,
      "ap": 0.002331002331002331,
      "rr": 0.002331002331002331,
      "p@5": 0.0,
      "p@10": 0.0,
      "recall@10": 0.0,
      "recall@50": 0.0,
      "recall@100": 0.0,
      "ndcg@10": 0.0,
      "ndcg@100": 0.0
    },
    "AILA_Q25": {
      "num_relevant": 6,
      "retrieved": 1000,
      "ap": 0.030127130478684257,
      "rr": 0.06666666666666667,
      "p@5": 0.0,
      "p@10": 0.0,
      "recall@10": 0.0,
      "recall@50": 0.3333333333333333,
      "recall@100": 0.3333333333333333,
      "ndcg@10": 0.0,
      "ndcg@100": 0.1445441701122764
    },
    "AILA_Q26": {
      "num_relevant": 8,
      "retrieved": 1000,
      "ap": 0.4152598515134209,
      "rr": 1.0,
      "p@5": 0.4,
      "p@10": 0.4,
      "recall@10": 0.5,
      "recall@50": 0.625,
      "recall@100": 0.75,
      "ndcg@10": 0.575748626988831,
      "ndcg@100": 0.6743970271965327
    },
    "AILA_Q27": {
      "num_relevant": 5,
      "retrieved": 1000,
      "ap": 0.2954822954822955,
      "rr": 1.0,
      "p@5": 0.2,
      "p@10": 0.1,
      "recall@10": 0.2,
      "recall@50": 1.0,
      "recall@100": 1.0,
      "ndcg@10": 0.3391602052736161,
      "ndcg@100": 0.619308935766296
    },
    "AILA_Q28": {
      "num_relevant": 2,
      "retrieved": 1000,
      "ap": 0.006024096385542169,
      "rr": 0.012048192771084338,
      "p@5": 0.0,
      "p@10": 0.0,
      "recall@10": 0.0,
      "recall@50": 0.0,
      "recall@100": 0.5,
      "ndcg@10": 0.0,
      "ndcg@100": 0.09591939076437811
    },
    "AILA_Q29": {
      "num_relevant": 22,
      "retrieved": 1000,
      "ap": 0.015549840109712233,
      "rr": 0.027777777777777776,
      "p@5": 0.0,
      "p@10": 0.0,
      "recall@10": 0.0,
      "recall@50": 0.045454545454545456,
      "recall@100": 0.13636363636363635,
      "ndcg@10": 0.0,
      "ndcg@100": 0.06711230685644133
    },
    "AILA_Q3": {
      "num_relevant": 1,
      "retrieved": 1000,
      "ap": 0.0,
      "rr": 0.0,
      "p@5": 0.0,
      "p@10": 0.0,
      "recall@10": 0.0,
      "recall@50": 0.0,
      "recall@100": 0.0,
      "ndcg@10": 0.0,
      "ndcg@100": 0.0
    },
    "AILA_Q30": {
      "num_relevant": 10,
      "retrieved": 1000,
      "ap": 0.03877003139509319,
      "rr": 0.0625,
      "p@5": 0.0,
      "p@10": 0.0,
      "recall@10": 0.0,
      "recall@50": 0.3,
      "recall@100": 0.5,
      "ndcg@10": 0.0,