{
  "run_file": "D:\\DL Legal AI Project\\model_benchmark_outputs\\runs\\dense_retrieval_statutes.trec",
  "qrels_file": "D:\\DL Legal AI Project\\data\\processed\\qrels_statutes.jsonl",
  "validation": {
    "path": "D:\\DL Legal AI Project\\model_benchmark_outputs\\runs\\dense_retrieval_statutes.trec",
    "rows": 9850,
    "queries": 50,
    "valid": true,
    "problems": [],
    "last_query_seen": "AILA_Q50"
  },
  "overall": {
    "map": 0.12366659184091297,
    "mrr": 0.24818269873244087,
    "p@5": 0.09200000000000001,
    "p@10": 0.07800000000000003,
    "recall@10": 0.1873333333333333,
    "recall@50": 0.46333333333333326,
    "recall@100": 0.6896666666666669,
    "ndcg@10": 0.15041560056371847,
    "ndcg@100": 0.30651592974095976
  },
  "per_query": {
    "AILA_Q1": {
      "num_relevant": 4,
      "retrieved": 197,
      "ap": 0.02106086706291993,
      "rr": 0.014084507042253521,
      "p@5": 0.0,
      "p@10": 0.0,
      "recall@10": 0.0,
      "recall@50": 0.0,
      "recall@100": 0.5,
      "ndcg@10": 0.0,
      "ndcg@100": 0.12556493892167406
    },
    "AILA_Q10": {
      "num_relevant": 5,
      "retrieved": 197,
      "ap": 0.4154179154179154,
      "rr": 1.0,
      "p@5": 0.2,
      "p@10": 0.2,
      "recall@10": 0.4,
      "recall@50": 1.0,
      "recall@100": 1.0,
      "ndcg@10": 0.4599715079731103,
      "ndcg@100": 0.7108389134488344
    },
    "AILA_Q11": {
      "num_relevant": 4,
      "retrieved": 197,
      "ap": 0.7060185185185185,
      "rr": 1.0,
      "p@5": 0.6,
      "p@10": 0.3,
      "recall@10": 0.75,
      "recall@50": 0.75,
      "recall@100": 1.0,
      "ndcg@10": 0.8048099750039491,
      "ndcg@100": 0.8723338914070168
    },
    "AILA_Q12": {
      "num_relevant": 4,
      "retrieved": 197,
      "ap": 0.11479585505088111,
      "rr": 0.3333333333333333,
      "p@5": 0.2,
      "p@10": 0.1,
      "recall@10": 0.25,
      "recall@50": 0.5,
      "recall@100": 0.5,
      "ndcg@10": 0.19519002499605084,
      "ndcg@100": 0.2792537931316096
    },
    "AILA_Q13": {
      "num_relevant": 5,
      "retrieved": 197,
      "ap": 0.07907511197833779,
      "rr": 0.037037037037037035,
      "p@5": 0.0,
      "p@10": 0.0,
      "recall@10": 0.0,
      "recall@50": 1.0,
      "recall@100": 1.0,
      "ndcg@10": 0.0,
      "ndcg@100": 0.3284033486879232
    },
    "AILA_Q14": {
      "num_relevant": 5,
      "retrieved": 197,
      "ap": 0.04299299423786428,
      "rr": 0.05,
      "p@5": 0.0,
      "p@10": 0.0,
      "recall@10": 0.0,
      "recall@50": 0.4,
      "recall@100": 0.6,
      "ndcg@10": 0.0,
      "ndcg@100": 0.19892359706615498
    },
    "AILA_Q15": {
      "num_relevant": 4,
      "retrieved": 197,
      "ap": 0.02685807656395892,
      "rr": 0.029411764705882353,
      "p@5": 0.0,
      "p@10": 0.0,
      "recall@10": 0.0,
      "recall@50": 0.25,
      "recall@100": 0.5,
      "ndcg@10": 0.0,
      "ndcg@100": 0.13858963945191421
    },
    "AILA_Q16": {
      "num_relevant": 5,
      "retrieved": 197,
      "ap": 0.04693046160699839,
      "rr": 0.023255813953488372,
      "p@5": 0.0,
      "p@10": 0.0,
      "recall@10": 0.0,
      "recall@50": 0.4,
      "recall@100": 1.0,
      "ndcg@10": 0.0,
      "ndcg@100": 0.28892077406389804
    },
    "AILA_Q17": {
      "num_relevant": 2,
      "retrieved": 197,
      "ap": 0.13690476190476192,
      "rr": 0.25,
      "p@5": 0.2,
      "p@10": 0.1,
      "recall@10": 0.5,
      "recall@50": 0.5,
      "recall@100": 1.0,
      "ndcg@10": 0.2640681225725909,
      "ndcg@100": 0.3597320006032451
    },
    "AILA_Q18": {
      "num_relevant": 4,
      "retrieved": 197,
      "ap": 0.37122606774668626,
      "rr": 1.0,
      "p@5": 0.2,
      "p@10": 0.2,
      "recall@10": 0.5,
      "recall@50": 0.75,
      "recall@100": 0.75,
      "ndcg@10": 0.5135312443624667,
      "ndcg@100": 0.613452150883602
    },
    "AILA_Q19": {
      "num_relevant": 5,
      "retrieved": 197,
      "ap": 0.04911010558069381,
      "rr": 0.1,
      "p@5": 0.0,
      "p@10": 0.1,
      "recall@10": 0.2,
      "recall@50": 0.4,
      "recall@100": 0.4,
      "ndcg@10": 0.09803928583135704,
      "ndcg@100": 0.16416162771679704
    },
    "AILA_Q2": {
      "num_relevant": 3,
      "retrieved": 197,
      "ap": 0.3401360544217687,
      "rr": 1.0,
      "p@5": 0.2,
      "p@10": 0.1,
      "recall@10": 0.3333333333333333,
      "recall@50": 0.3333333333333333,
      "recall@100": 0.6666666666666666,
      "ndcg@10": 0.46927872602275644,
      "ndcg@100": 0.5400667003189893
    },
    "AILA_Q20": {
      "num_relevant": 4,
      "retrieved": 197,
      "ap": 0.07575439812281919,
      "rr": 0.1111111111111111,
      "p@5": 0.0,
      "p@10": 0.1,
      "recall@10": 0.25,
      "recall@50": 0.75,
      "recall@100": 0.75,
      "ndcg@10": 0.11751610475642714,
      "ndcg@100": 0.27347694681005646
    },
    "AILA_Q21": {
      "num_relevant": 4,
      "retrieved": 197,
      "ap": 0.09480783444198079,
      "rr": 0.16666666666666666,
      "p@5": 0.0,
      "p@10": 0.1,
      "recall@10": 0.25,
      "recall@50": 0.75,
      "recall@100": 1.0,
      "ndcg@10": 0.13905617951077562,
      "ndcg@100": 0.35747129710638564
    },
    "AILA_Q22": {
      "num_relevant": 5,
      "retrieved": 197,
      "ap": 0.25791654011001997,
      "rr": 0.3333333333333333,
      "p@5": 0.2,
      "p@10": 0.3,
      "recall@10": 0.6,
      "recall@50": 0.8,
      "recall@100": 1.0,
      "ndcg@10": 0.3896266367619438,
      "ndcg@100": 0.524018954557011
    },
    "AILA_Q23": {
      "num_relevant": 5,
      "retrieved": 197,
      "ap": 0.031194082259071047,
      "rr": 0.047619047619047616,
      "p@5": 0.0,
      "p@10": 0.0,
      "recall@10": 0.0,
      "recall@50": 0.2,
      "recall@100": 0.4,
      "ndcg@10": 0.0,
      "ndcg@100": 0.128170578349775
    },
    "AILA_Q24": {
      "num_relevant": 5,
      "retrieved": 197,
      "ap": 0.04580081703627616,
      "rr": 0.058823529411764705,
      "p@5": 0.0,
      "p@10": 0.0,
      "recall@10": 0.0,
      "recall@50": 0.4,
      "recall@100": 0.4,
      "ndcg@10": 0.0,
      "ndcg@100": 0.15530714182928926
    },
    "AILA_Q25": {
      "num_relevant": 5,
      "retrieved": 197,
      "ap": 0.08041661551358317,
      "rr": 0.07692307692307693,
      "p@5": 0.0,
      "p@10": 0.0,
      "recall@10": 0.0,
      "recall@50": 0.6,
      "recall@100": 1.0,
      "ndcg@10": 0.0,
      "ndcg@100": 0.34387340034699115
    },
    "AILA_Q26": {
      "num_relevant": 5,
      "retrieved": 197,
      "ap": 0.22624714907733776,
      "rr": 0.5,
      "p@5": 0.4,
      "p@10": 0.2,
      "recall@10": 0.4,
      "recall@50": 0.6,
      "recall@100": 0.8,
      "ndcg@10": 0.34519134224686937,
      "ndcg@100": 0.4742181481715409
    },
    "AILA_Q27": {
      "num_relevant": 4,
      "retrieved": 197,
      "ap": 0.3573994252873563,
      "rr": 0.5,
      "p@5": 0.4,
      "p@10": 0.2,
      "recall@10": 0.5,
      "recall@50": 1.0,
      "recall@100": 1.0,
      "ndcg@10": 0.44149241373678083,
      "ndcg@100": 0.605113702543674
    },
    "AILA_Q28": {
      "num_relevant": 4,
      "retrieved": 197,
      "ap": 0.027574073172776114,
      "rr": 0.034482758620689655,
      "p@5": 0.0,
      "p@10": 0.0,
      "recall@10": 0.0,
      "recall@50": 0.25,
      "recall@100": 0.5,
      "ndcg@10": 0.0,
      "ndcg@100": 0.1426255521282288
    },
    "AILA_Q29": {
      "num_relevant": 4,
      "retrieved": 197,
      "ap": 0.030201589010065855,
      "rr": 0.0625,
      "p@5": 0.0,
      "p@10": 0.0,
      "recall@10": 0.0,
      "recall@50": 0.25,
      "recall@100": 0.25,
      "ndcg@10": 0.0,
      "ndcg@100": 0.09550669086270785
    },
    "AILA_Q3": {
      "num_relevant": 4,
      "retrieved": 197,
      "ap": 0.24107142857142855,
      "rr": 0.25,
      "p@5": 0.2,
      "p@10": 0.2,
      "recall@10": 0.5,
      "recall@50": 1.0,
      "recall@100": 1.0,
      "ndcg@10": 0.3071837157818931,
      "ndcg@100": 0.4911683904385871
    },