{
  "run_file": "D:\\DL Legal AI Project\\model_benchmark_outputs\\runs\\real_colbert_cases.trec",
  "qrels_file": "D:\\DL Legal AI Project\\data\\processed\\qrels_cases.jsonl",
  "validation": {
    "path": "D:\\DL Legal AI Project\\model_benchmark_outputs\\runs\\real_colbert_cases.trec",
    "rows": 10000,
    "queries": 50,
    "valid": true,
    "problems": [],
    "last_query_seen": "AILA_Q50"
  },
  "overall": {
    "map": 0.07168237135156288,
    "mrr": 0.14950906573936626,
    "p@5": 0.048,
    "p@10": 0.04200000000000001,
    "recall@10": 0.13355866355866353,
    "recall@50": 0.21256177156177164,
    "recall@100": 0.24521445221445223,
    "ndcg@10": 0.10056871108320398,
    "ndcg@100": 0.13496519242686886
  },
  "per_query": {
    "AILA_Q1": {
      "num_relevant": 2,
      "retrieved": 200,
      "ap": 0.16666666666666666,
      "rr": 0.3333333333333333,
      "p@5": 0.2,
      "p@10": 0.1,
      "recall@10": 0.5,
      "recall@50": 0.5,
      "recall@100": 0.5,
      "ndcg@10": 0.3065735963827292,
      "ndcg@100": 0.3065735963827292
    },
    "AILA_Q10": {
      "num_relevant": 3,
      "retrieved": 200,
      "ap": 0.009884559884559885,
      "rr": 0.012987012987012988,
      "p@5": 0.0,
      "p@10": 0.0,
      "recall@10": 0.0,
      "recall@50": 0.0,
      "recall@100": 0.3333333333333333,
      "ndcg@10": 0.0,
      "ndcg@100": 0.07466168586864165
    },
    "AILA_Q11": {
      "num_relevant": 2,
      "retrieved": 200,
      "ap": 0.038798920377867745,
      "rr": 0.02631578947368421,
      "p@5": 0.0,
      "p@10": 0.0,
      "recall@10": 0.0,
      "recall@50": 1.0,
      "recall@100": 1.0,
      "ndcg@10": 0.0,
      "ndcg@100": 0.2312191456438809
    },
    "AILA_Q12": {
      "num_relevant": 1,
      "retrieved": 200,
      "ap": 0.0,
      "rr": 0.0,
      "p@5": 0.0,
      "p@10": 0.0,
      "recall@10": 0.0,
      "recall@50": 0.0,
      "recall@100": 0.0,
      "ndcg@10": 0.0,
      "ndcg@100": 0.0
    },
    "AILA_Q13": {
      "num_relevant": 3,
      "retrieved": 200,
      "ap": 0.1703296703296703,
      "rr": 0.5,
      "p@5": 0.2,
      "p@10": 0.1,
      "recall@10": 0.3333333333333333,
      "recall@50": 0.3333333333333333,
      "recall@100": 0.3333333333333333,
      "ndcg@10": 0.2960819109658652,
      "ndcg@100": 0.2960819109658652
    },
    "AILA_Q14": {
      "num_relevant": 1,
      "retrieved": 200,
      "ap": 0.14285714285714285,
      "rr": 0.14285714285714285,
      "p@5": 0.0,
      "p@10": 0.1,
      "recall@10": 1.0,
      "recall@50": 1.0,
      "recall@100": 1.0,
      "ndcg@10": 0.3333333333333333,
      "ndcg@100": 0.3333333333333333
    },
    "AILA_Q15": {
      "num_relevant": 1,
      "retrieved": 200,
      "ap": 0.0,
      "rr": 0.0,
      "p@5": 0.0,
      "p@10": 0.0,
      "recall@10": 0.0,
      "recall@50": 0.0,
      "recall@100": 0.0,
      "ndcg@10": 0.0,
      "ndcg@100": 0.0
    },
    "AILA_Q16": {
      "num_relevant": 2,
      "retrieved": 200,
      "ap": 0.0,
      "rr": 0.0,
      "p@5": 0.0,
      "p@10": 0.0,
      "recall@10": 0.0,
      "recall@50": 0.0,
      "recall@100": 0.0,
      "ndcg@10": 0.0,
      "ndcg@100": 0.0
    },
    "AILA_Q17": {
      "num_relevant": 3,
      "retrieved": 200,
      "ap": 0.012104428046457033,
      "rr": 0.007407407407407408,
      "p@5": 0.0,
      "p@10": 0.0,
      "recall@10": 0.0,
      "recall@50": 0.0,
      "recall@100": 0.0,
      "ndcg@10": 0.0,
      "ndcg@100": 0.0
    },
    "AILA_Q18": {
      "num_relevant": 1,
      "retrieved": 200,
      "ap": 1.0,
      "rr": 1.0,
      "p@5": 0.2,
      "p@10": 0.1,
      "recall@10": 1.0,
      "recall@50": 1.0,
      "recall@100": 1.0,
      "ndcg@10": 1.0,
      "ndcg@100": 1.0
    },
    "AILA_Q19": {
      "num_relevant": 4,
      "retrieved": 200,
      "ap": 0.01,
      "rr": 0.04,
      "p@5": 0.0,
      "p@10": 0.0,
      "recall@10": 0.0,
      "recall@50": 0.25,
      "recall@100": 0.25,
      "ndcg@10": 0.0,
      "ndcg@100": 0.08305181502178426
    },
    "AILA_Q2": {
      "num_relevant": 2,
      "retrieved": 200,
      "ap": 0.0,
      "rr": 0.0,
      "p@5": 0.0,
      "p@10": 0.0,
      "recall@10": 0.0,
      "recall@50": 0.0,
      "recall@100": 0.0,
      "ndcg@10": 0.0,
      "ndcg@100": 0.0
    },
    "AILA_Q20": {
      "num_relevant": 2,
      "retrieved": 200,
      "ap": 0.0,
      "rr": 0.0,
      "p@5": 0.0,
      "p@10": 0.0,
      "recall@10": 0.0,
      "recall@50": 0.0,
      "recall@100": 0.0,
      "ndcg@10": 0.0,
      "ndcg@100": 0.0
    },
    "AILA_Q21": {
      "num_relevant": 4,
      "retrieved": 200,
      "ap": 0.3055555555555556,
      "rr": 1.0,
      "p@5": 0.2,
      "p@10": 0.2,
      "recall@10": 0.5,
      "recall@50": 0.5,
      "recall@100": 0.5,
      "ndcg@10": 0.5078961547485289,
      "ndcg@100": 0.5078961547485289
    },
    "AILA_Q22": {
      "num_relevant": 2,
      "retrieved": 200,
      "ap": 0.0,
      "rr": 0.0,
      "p@5": 0.0,
      "p@10": 0.0,
      "recall@10": 0.0,
      "recall@50": 0.0,
      "recall@100": 0.0,
      "ndcg@10": 0.0,
      "ndcg@100": 0.0
    },
    "AILA_Q23": {
      "num_relevant": 2,
      "retrieved": 200,
      "ap": 0.0045045045045045045,
      "rr": 0.009009009009009009,
      "p@5": 0.0,
      "p@10": 0.0,
      "recall@10": 0.0,
      "recall@50": 0.0,
      "recall@100": 0.0,
      "ndcg@10": 0.0,
      "ndcg@100": 0.0
    },
    "AILA_Q24": {
      "num_relevant": 1,
      "retrieved": 200,
      "ap": 0.0,
      "rr": 0.0,
      "p@5": 0.0,
      "p@10": 0.0,
      "recall@10": 0.0,
      "recall@50": 0.0,
      "recall@100": 0.0,
      "ndcg@10": 0.0,
      "ndcg@100": 0.0
    },
    "AILA_Q25": {
      "num_relevant": 6,
      "retrieved": 200,
      "ap": 0.03042328042328042,
      "rr": 0.16666666666666666,
      "p@5": 0.0,
      "p@10": 0.1,
      "recall@10": 0.16666666666666666,
      "recall@50": 0.16666666666666666,
      "recall@100": 0.16666666666666666,
      "ndcg@10": 0.10778915452451093,
      "ndcg@100": 0.10778915452451093
    },
    "AILA_Q26": {
      "num_relevant": 8,
      "retrieved": 200,
      "ap": 0.06876473756115246,
      "rr": 0.16666666666666666,
      "p@5": 0.0,
      "p@10": 0.2,
      "recall@10": 0.25,
      "recall@50": 0.25,
      "recall@100": 0.25,
      "ndcg@10": 0.1744142429082534,
      "ndcg@100": 0.1744142429082534
    },
    "AILA_Q27": {
      "num_relevant": 5,
      "retrieved": 200,
      "ap": 0.02915410303493756,
      "rr": 0.024390243902439025,
      "p@5": 0.0,
      "p@10": 0.0,
      "recall@10": 0.0,
      "recall@50": 0.2,
      "recall@100": 0.4,
      "ndcg@10": 0.0,
      "ndcg@100": 0.12210868082181509
    },
    "AILA_Q28": {
      "num_relevant": 2,
      "retrieved": 200,
      "ap": 0.0,
      "rr": 0.0,
      "p@5": 0.0,
      "p@10": 0.0,
      "recall@10": 0.0,
      "recall@50": 0.0,
      "recall@100": 0.0,
      "ndcg@10": 0.0,
      "ndcg@100": 0.0
    },
    "AILA_Q29": {
      "num_relevant": 22,
      "retrieved": 200,
      "ap": 0.05148133116883116,
      "rr": 1.0,
      "p@5": 0.2,
      "p@10": 0.1,
      "recall@10": 0.045454545454545456,
      "recall@50": 0.09090909090909091,
      "recall@100": 0.13636363636363635,
      "ndcg@10": 0.22009176629808017,
      "ndcg@100": 0.18161246107405044
    },
    "AILA_Q3": {
      "num_relevant": 1,
      "retrieved": 200,
      "ap": 0.0,
      "rr": 0.0,
      "p@5": 0.0,
      "p@10": 0.0,
      "recall@10": 0.0,
      "recall@50": 0.0,
      "recall@100": 0.0,
      "ndcg@10": 0.0,
      "ndcg@100": 0.0
    },
    "AILA_Q30": {
      "num_relevant": 10,
      "retrieved": 200,
      "ap": 0.012114968271743187,
      "rr": 0.04,
      "p@5": 0.0,
      "p@10": 0.0,
      "recall@10": 0.0,
      "recall@50": 0.2,
      "recall@100": 0.2,
      "ndcg@10": 0.0,
      "ndcg@100": 0.08623157664520553
    },
    "AILA_Q31": {
      "num_relevant": 2,
      "retrieved": 200,
      "ap": 0.014705882352941176,
      "rr": 0.029411764705882353,