{
  "run_file": "D:\\DL Legal AI Project\\runs\\bm25_statutes.trec",
  "qrels_file": "D:\\DL Legal AI Project\\data\\processed\\qrels_statutes.jsonl",
  "validation": {
    "path": "D:\\DL Legal AI Project\\runs\\bm25_statutes.trec",
    "rows": 9850,
    "queries": 50,
    "valid": true,
    "problems": [],
    "last_query_seen": "AILA_Q50"
  },
  "overall": {
    "map": 0.07597723871986559,
    "mrr": 0.17952681644943028,
    "p@5": 0.06000000000000001,
    "p@10": 0.05200000000000002,
    "recall@10": 0.12200000000000003,
    "recall@50": 0.2753333333333334,
    "recall@100": 0.44233333333333336,
    "ndcg@10": 0.09498125814603159,
    "ndcg@100": 0.1942053048311718
  },
  "per_query": {
    "AILA_Q1": {
      "num_relevant": 4,
      "retrieved": 197,
      "ap": 0.021675948614487836,
      "rr": 0.016129032258064516,
      "p@5": 0.0,
      "p@10": 0.0,
      "recall@10": 0.0,
      "recall@50": 0.0,
      "recall@100": 0.5,
      "ndcg@10": 0.0,
      "ndcg@100": 0.12605823492264942
    },
    "AILA_Q10": {
      "num_relevant": 5,
      "retrieved": 197,
      "ap": 0.2690789274352371,
      "rr": 1.0,
      "p@5": 0.2,
      "p@10": 0.2,
      "recall@10": 0.4,
      "recall@50": 0.6,
      "recall@100": 0.8,
      "ndcg@10": 0.4371994911049732,
      "ndcg@100": 0.5515689593103529
    },
    "AILA_Q11": {
      "num_relevant": 4,
      "retrieved": 197,
      "ap": 0.5761006289308176,
      "rr": 1.0,
      "p@5": 0.6,
      "p@10": 0.3,
      "recall@10": 0.75,
      "recall@50": 0.75,
      "recall@100": 0.75,
      "ndcg@10": 0.7365896932159578,
      "ndcg@100": 0.7365896932159578
    },
    "AILA_Q12": {
      "num_relevant": 4,
      "retrieved": 197,
      "ap": 0.13766702098126882,
      "rr": 0.5,
      "p@5": 0.2,
      "p@10": 0.1,
      "recall@10": 0.25,
      "recall@50": 0.25,
      "recall@100": 0.25,
      "ndcg@10": 0.24630238874073,
      "ndcg@100": 0.24630238874073
    },
    "AILA_Q13": {
      "num_relevant": 5,
      "retrieved": 197,
      "ap": 0.06827692354814996,
      "rr": 0.0625,
      "p@5": 0.0,
      "p@10": 0.0,
      "recall@10": 0.0,
      "recall@50": 0.4,
      "recall@100": 1.0,
      "ndcg@10": 0.0,
      "ndcg@100": 0.32644366384362544
    },
    "AILA_Q14": {
      "num_relevant": 5,
      "retrieved": 197,
      "ap": 0.020811554401127825,
      "rr": 0.012048192771084338,
      "p@5": 0.0,
      "p@10": 0.0,
      "recall@10": 0.0,
      "recall@50": 0.0,
      "recall@100": 0.2,
      "ndcg@10": 0.0,
      "ndcg@100": 0.053057472406647495
    },
    "AILA_Q15": {
      "num_relevant": 4,
      "retrieved": 197,
      "ap": 0.014792536865040284,
      "rr": 0.009009009009009009,
      "p@5": 0.0,
      "p@10": 0.0,
      "recall@10": 0.0,
      "recall@50": 0.0,
      "recall@100": 0.0,
      "ndcg@10": 0.0,
      "ndcg@100": 0.0
    },
    "AILA_Q16": {
      "num_relevant": 5,
      "retrieved": 197,
      "ap": 0.03998647277882191,
      "rr": 0.07692307692307693,
      "p@5": 0.0,
      "p@10": 0.0,
      "recall@10": 0.0,
      "recall@50": 0.4,
      "recall@100": 0.4,
      "ndcg@10": 0.0,
      "ndcg@100": 0.14980766189361666
    },
    "AILA_Q17": {
      "num_relevant": 2,
      "retrieved": 197,
      "ap": 0.06417624521072797,
      "rr": 0.1111111111111111,
      "p@5": 0.0,
      "p@10": 0.1,
      "recall@10": 0.5,
      "recall@50": 0.5,
      "recall@100": 0.5,
      "ndcg@10": 0.18457569677956817,
      "ndcg@100": 0.18457569677956817
    },
    "AILA_Q18": {
      "num_relevant": 4,
      "retrieved": 197,
      "ap": 0.1931179775280899,
      "rr": 0.25,
      "p@5": 0.2,
      "p@10": 0.2,
      "recall@10": 0.5,
      "recall@50": 0.75,
      "recall@100": 0.75,
      "ndcg@10": 0.29127873064148246,
      "ndcg@100": 0.3967743148765928
    },
    "AILA_Q19": {
      "num_relevant": 5,
      "retrieved": 197,
      "ap": 0.017143803175365645,
      "rr": 0.011111111111111112,
      "p@5": 0.0,
      "p@10": 0.0,
      "recall@10": 0.0,
      "recall@50": 0.0,
      "recall@100": 0.2,
      "ndcg@10": 0.0,
      "ndcg@100": 0.052115996896801416
    },
    "AILA_Q2": {
      "num_relevant": 3,
      "retrieved": 197,
      "ap": 0.03474747474747475,
      "rr": 0.09090909090909091,
      "p@5": 0.0,
      "p@10": 0.0,
      "recall@10": 0.0,
      "recall@50": 0.3333333333333333,
      "recall@100": 0.3333333333333333,
      "ndcg@10": 0.0,
      "ndcg@100": 0.1309019901681972
    },
    "AILA_Q20": {
      "num_relevant": 4,
      "retrieved": 197,
      "ap": 0.026606838387528926,
      "rr": 0.03571428571428571,
      "p@5": 0.0,
      "p@10": 0.0,
      "recall@10": 0.0,
      "recall@50": 0.25,
      "recall@100": 0.5,
      "ndcg@10": 0.0,
      "ndcg@100": 0.14126600790981733
    },
    "AILA_Q21": {
      "num_relevant": 4,
      "retrieved": 197,
      "ap": 0.042420100312017026,
      "rr": 0.08333333333333333,
      "p@5": 0.0,
      "p@10": 0.0,
      "recall@10": 0.0,
      "recall@50": 0.25,
      "recall@100": 0.75,
      "ndcg@10": 0.0,
      "ndcg@100": 0.22875356078196138
    },
    "AILA_Q22": {
      "num_relevant": 5,
      "retrieved": 197,
      "ap": 0.07338075302228864,
      "rr": 0.1111111111111111,
      "p@5": 0.0,
      "p@10": 0.1,
      "recall@10": 0.2,
      "recall@50": 0.4,
      "recall@100": 0.6,
      "ndcg@10": 0.10209739512291163,
      "ndcg@100": 0.24467423152477796
    },
    "AILA_Q23": {
      "num_relevant": 5,
      "retrieved": 197,
      "ap": 0.02393955991599441,
      "rr": 0.023255813953488372,
      "p@5": 0.0,
      "p@10": 0.0,
      "recall@10": 0.0,
      "recall@50": 0.2,
      "recall@100": 0.4,
      "ndcg@10": 0.0,
      "ndcg@100": 0.11398975046471174
    },
    "AILA_Q24": {
      "num_relevant": 5,
      "retrieved": 197,
      "ap": 0.21824894859594215,
      "rr": 1.0,
      "p@5": 0.2,
      "p@10": 0.1,
      "recall@10": 0.2,
      "recall@50": 0.2,
      "recall@100": 0.4,
      "ndcg@10": 0.3391602052736161,
      "ndcg@100": 0.391534227288139
    },
    "AILA_Q25": {
      "num_relevant": 5,
      "retrieved": 197,
      "ap": 0.03457723250234623,
      "rr": 0.027777777777777776,
      "p@5": 0.0,
      "p@10": 0.0,
      "recall@10": 0.0,
      "recall@50": 0.2,
      "recall@100": 0.6,
      "ndcg@10": 0.0,
      "ndcg@100": 0.17526534986370984
    },
    "AILA_Q26": {
      "num_relevant": 5,
      "retrieved": 197,
      "ap": 0.035465108507620316,
      "rr": 0.01639344262295082,
      "p@5": 0.0,
      "p@10": 0.0,
      "recall@10": 0.0,
      "recall@50": 0.0,
      "recall@100": 0.8,
      "ndcg@10": 0.0,
      "ndcg@100": 0.22062854539263851
    },
    "AILA_Q27": {
      "num_relevant": 4,
      "retrieved": 197,
      "ap": 0.07599610356963299,
      "rr": 0.125,
      "p@5": 0.0,
      "p@10": 0.1,
      "recall@10": 0.25,
      "recall@50": 0.5,
      "recall@100": 0.75,
      "ndcg@10": 0.123151194370365,
      "ndcg@100": 0.2769780609309849
    },
    "AILA_Q28": {
      "num_relevant": 4,
      "retrieved": 197,
      "ap": 0.06338702714370514,
      "rr": 0.2,
      "p@5": 0.2,
      "p@10": 0.1,
      "recall@10": 0.25,
      "recall@50": 0.25,
      "recall@100": 0.25,
      "ndcg@10": 0.15101961822780524,
      "ndcg@100": 0.15101961822780524
    },
    "AILA_Q29": {
      "num_relevant": 4,
      "retrieved": 197,
      "ap": 0.04328394091532954,
      "rr": 0.125,
      "p@5": 0.0,
      "p@10": 0.1,
      "recall@10": 0.25,
      "recall@50": 0.25,
      "recall@100": 0.25,
      "ndcg@10": 0.123151194370365,
      "ndcg@100": 0.123151194370365
    },
    "AILA_Q3": {
      "num_relevant": 4,
      "retrieved": 197,
      "ap": 0.12581679073614557,
      "rr": 0.25,
      "p@5": 0.2,
      "p@10": 0.1,
      "recall@10": 0.25,
      "recall@50": 0.75,
      "recall@100": 1.0,
      "ndcg@10": 0.16812753627111746,
      "ndcg@100": 0.39863395430501053
    },
    "AILA_Q30": {
      "num_relevant": 5,
      "retrieved": 197,
      "ap": 0.05785109156076897,