{
  "run_file": "D:\\DL Legal AI Project\\runs\\bm25_cases.trec",
  "qrels_file": "D:\\DL Legal AI Project\\data\\processed\\qrels_cases.jsonl",
  "validation": {
    "path": "D:\\DL Legal AI Project\\runs\\bm25_cases.trec",
    "rows": 50000,
    "queries": 50,
    "valid": true,
    "problems": [],
    "last_query_seen": "AILA_Q50"
  },
  "overall": {
    "map": 0.10761428556615618,
    "mrr": 0.21248152494323072,
    "p@5": 0.08,
    "p@10": 0.055999999999999994,
    "recall@10": 0.14365268065268066,
    "recall@50": 0.2488053613053613,
    "recall@100": 0.30104778554778555,
    "ndcg@10": 0.13416506486205618,
    "ndcg@100": 0.18188387940286568
  },
  "per_query": {
    "AILA_Q1": {
      "num_relevant": 2,
      "retrieved": 1000,
      "ap": 0.03125,
      "rr": 0.0625,
      "p@5": 0.0,
      "p@10": 0.0,
      "recall@10": 0.0,
      "recall@50": 0.5,
      "recall@100": 0.5,
      "ndcg@10": 0.0,
      "ndcg@100": 0.15000679310833784
    },
    "AILA_Q10": {
      "num_relevant": 3,
      "retrieved": 1000,
      "ap": 0.009183393592221529,
      "rr": 0.007194244604316547,
      "p@5": 0.0,
      "p@10": 0.0,
      "recall@10": 0.0,
      "recall@50": 0.0,
      "recall@100": 0.0,
      "ndcg@10": 0.0,
      "ndcg@100": 0.0
    },
    "AILA_Q11": {
      "num_relevant": 2,
      "retrieved": 1000,
      "ap": 0.065,
      "rr": 0.05,
      "p@5": 0.0,
      "p@10": 0.0,
      "recall@10": 0.0,
      "recall@50": 1.0,
      "recall@100": 1.0,
      "ndcg@10": 0.0,
      "ndcg@100": 0.270040019372925
    },
    "AILA_Q12": {
      "num_relevant": 1,
      "retrieved": 1000,
      "ap": 0.0,
      "rr": 0.0,
      "p@5": 0.0,
      "p@10": 0.0,
      "recall@10": 0.0,
      "recall@50": 0.0,
      "recall@100": 0.0,
      "ndcg@10": 0.0,
      "ndcg@100": 0.0
    },
    "AILA_Q13": {
      "num_relevant": 3,
      "retrieved": 1000,
      "ap": 0.18519888991674374,
      "rr": 0.5,
      "p@5": 0.2,
      "p@10": 0.1,
      "recall@10": 0.3333333333333333,
      "recall@50": 0.6666666666666666,
      "recall@100": 0.6666666666666666,
      "ndcg@10": 0.2960819109658652,
      "ndcg@100": 0.3801073141735253
    },
    "AILA_Q14": {
      "num_relevant": 1,
      "retrieved": 1000,
      "ap": 0.5,
      "rr": 0.5,
      "p@5": 0.2,
      "p@10": 0.1,
      "recall@10": 1.0,
      "recall@50": 1.0,
      "recall@100": 1.0,
      "ndcg@10": 0.6309297535714575,
      "ndcg@100": 0.6309297535714575
    },
    "AILA_Q15": {
      "num_relevant": 1,
      "retrieved": 1000,
      "ap": 0.002197802197802198,
      "rr": 0.002197802197802198,
      "p@5": 0.0,
      "p@10": 0.0,
      "recall@10": 0.0,
      "recall@50": 0.0,
      "recall@100": 0.0,
      "ndcg@10": 0.0,
      "ndcg@100": 0.0
    },
    "AILA_Q16": {
      "num_relevant": 2,
      "retrieved": 1000,
      "ap": 0.002654934027483047,
      "rr": 0.0017825311942959,
      "p@5": 0.0,
      "p@10": 0.0,
      "recall@10": 0.0,
      "recall@50": 0.0,
      "recall@100": 0.0,
      "ndcg@10": 0.0,
      "ndcg@100": 0.0
    },
    "AILA_Q17": {
      "num_relevant": 3,
      "retrieved": 1000,
      "ap": 0.028726708074534164,
      "rr": 0.025,
      "p@5": 0.0,
      "p@10": 0.0,
      "recall@10": 0.0,
      "recall@50": 0.3333333333333333,
      "recall@100": 1.0,
      "ndcg@10": 0.0,
      "ndcg@100": 0.23566501475318088
    },
    "AILA_Q18": {
      "num_relevant": 1,
      "retrieved": 1000,
      "ap": 1.0,
      "rr": 1.0,
      "p@5": 0.2,
      "p@10": 0.1,
      "recall@10": 1.0,
      "recall@50": 1.0,
      "recall@100": 1.0,
      "ndcg@10": 1.0,
      "ndcg@100": 1.0
    },
    "AILA_Q19": {
      "num_relevant": 4,
      "retrieved": 1000,
      "ap": 0.0071973571416156165,
      "rr": 0.012987012987012988,
      "p@5": 0.0,
      "p@10": 0.0,
      "recall@10": 0.0,
      "recall@50": 0.0,
      "recall@100": 0.25,
      "ndcg@10": 0.0,
      "ndcg@100": 0.06210900056969883
    },
    "AILA_Q2": {
      "num_relevant": 2,
      "retrieved": 1000,
      "ap": 0.002621747916945576,
      "rr": 0.0019157088122605363,
      "p@5": 0.0,
      "p@10": 0.0,
      "recall@10": 0.0,
      "recall@50": 0.0,
      "recall@100": 0.0,
      "ndcg@10": 0.0,
      "ndcg@100": 0.0
    },
    "AILA_Q20": {
      "num_relevant": 2,
      "retrieved": 1000,
      "ap": 0.001601464195836193,
      "rr": 0.001075268817204301,
      "p@5": 0.0,
      "p@10": 0.0,
      "recall@10": 0.0,
      "recall@50": 0.0,
      "recall@100": 0.0,
      "ndcg@10": 0.0,
      "ndcg@100": 0.0
    },
    "AILA_Q21": {
      "num_relevant": 4,
      "retrieved": 1000,
      "ap": 0.3780195606484752,
      "rr": 1.0,
      "p@5": 0.4,
      "p@10": 0.2,
      "recall@10": 0.5,
      "recall@50": 0.5,
      "recall@100": 0.5,
      "ndcg@10": 0.5585075862632192,
      "ndcg@100": 0.5585075862632192
    },
    "AILA_Q22": {
      "num_relevant": 2,
      "retrieved": 1000,
      "ap": 0.0,
      "rr": 0.0,
      "p@5": 0.0,
      "p@10": 0.0,
      "recall@10": 0.0,
      "recall@50": 0.0,
      "recall@100": 0.0,
      "ndcg@10": 0.0,
      "ndcg@100": 0.0
    },
    "AILA_Q23": {
      "num_relevant": 2,
      "retrieved": 1000,
      "ap": 0.0035971223021582736,
      "rr": 0.007194244604316547,
      "p@5": 0.0,
      "p@10": 0.0,
      "recall@10": 0.0,
      "recall@50": 0.0,
      "recall@100": 0.0,
      "ndcg@10": 0.0,
      "ndcg@100": 0.0
    },
    "AILA_Q24": {
      "num_relevant": 1,
      "retrieved": 1000,
      "ap": 0.001718213058419244,
      "rr": 0.001718213058419244,
      "p@5": 0.0,
      "p@10": 0.0,
      "recall@10": 0.0,
      "recall@50": 0.0,
      "recall@100": 0.0,
      "ndcg@10": 0.0,
      "ndcg@100": 0.0
    },
    "AILA_Q25": {
      "num_relevant": 6,
      "retrieved": 1000,
      "ap": 0.0500034924468094,
      "rr": 0.2,
      "p@5": 0.2,
      "p@10": 0.1,
      "recall@10": 0.16666666666666666,
      "recall@50": 0.3333333333333333,
      "recall@100": 0.3333333333333333,
      "ndcg@10": 0.11706259313796354,
      "ndcg@100": 0.18144006240555904
    },
    "AILA_Q26": {
      "num_relevant": 8,
      "retrieved": 1000,
      "ap": 0.1980895019190695,
      "rr": 1.0,
      "p@5": 0.2,
      "p@10": 0.2,
      "recall@10": 0.25,
      "recall@50": 0.375,
      "recall@100": 0.625,
      "ndcg@10": 0.3327372413301053,
      "ndcg@100": 0.4699025107369172
    },
    "AILA_Q27": {
      "num_relevant": 5,
      "retrieved": 1000,
      "ap": 0.3321711366538952,
      "rr": 1.0,
      "p@5": 0.4,
      "p@10": 0.2,
      "recall@10": 0.4,
      "recall@50": 0.6,
      "recall@100": 1.0,
      "ndcg@10": 0.4703652827859579,
      "ndcg@100": 0.6553357416717381
    },
    "AILA_Q28": {
      "num_relevant": 2,
      "retrieved": 1000,
      "ap": 0.0006756756756756757,
      "rr": 0.0013513513513513514,
      "p@5": 0.0,
      "p@10": 0.0,
      "recall@10": 0.0,
      "recall@50": 0.0,
      "recall@100": 0.0,
      "ndcg@10": 0.0,
      "ndcg@100": 0.0
    },
    "AILA_Q29": {
      "num_relevant": 22,
      "retrieved": 1000,
      "ap": 0.0647104716498955,
      "rr": 1.0,
      "p@5": 0.2,
      "p@10": 0.1,
      "recall@10": 0.045454545454545456,
      "recall@50": 0.09090909090909091,
      "recall@100": 0.13636363636363635,
      "ndcg@10": 0.22009176629808017,
      "ndcg@100": 0.18573832705456042
    },
    "AILA_Q3": {
      "num_relevant": 1,
      "retrieved": 1000,
      "ap": 0.0013227513227513227,
      "rr": 0.0013227513227513227,
      "p@5": 0.0,
      "p@10": 0.0,
      "recall@10": 0.0,
      "recall@50": 0.0,
      "recall@100": 0.0,
      "ndcg@10": 0.0,
      "ndcg@100": 0.0
    },
    "AILA_Q30": {
      "num_relevant": 10,
      "retrieved": 1000,
      "ap": 0.03247292123741153,
      "rr": 0.06666666666666667,
      "p@5": 0.0,
      "p@10": 0.0,
      "recall@10": 0.0,
      "recall@50": 0.2,
      "recall@100": 0.2,
      "ndcg@10": 0.0,
      "ndcg@100": 0.1068345051196952
    },
    "AILA_Q31": {
      "num_relevant": 2,