{
  "run_file": "D:\\DL Legal AI Project\\runs\\colbert_statutes.trec",
  "qrels_file": "D:\\DL Legal AI Project\\data\\processed\\qrels_statutes.jsonl",
  "validation": {
    "path": "D:\\DL Legal AI Project\\runs\\colbert_statutes.trec",
    "rows": 9850,
    "queries": 50,
    "valid": true,
    "problems": [],
    "last_query_seen": "AILA_Q50"
  },
  "overall": {
    "map": 0.05161652048948445,
    "mrr": 0.10382840839392314,
    "p@5": 0.027999999999999997,
    "p@10": 0.03200000000000001,
    "recall@10": 0.07300000000000001,
    "recall@50": 0.2833333333333333,
    "recall@100": 0.4783333333333332,
    "ndcg@10": 0.05128119220812768,
    "ndcg@100": 0.17277497843832396
  },
  "per_query": {
    "AILA_Q1": {
      "num_relevant": 4,
      "retrieved": 197,
      "ap": 0.023474358313606454,
      "rr": 0.020833333333333332,
      "p@5": 0.0,
      "p@10": 0.0,
      "recall@10": 0.0,
      "recall@50": 0.25,
      "recall@100": 0.5,
      "ndcg@10": 0.0,
      "ndcg@100": 0.1323967558046352
    },
    "AILA_Q10": {
      "num_relevant": 5,
      "retrieved": 197,
      "ap": 0.05457865735237999,
      "rr": 0.06666666666666667,
      "p@5": 0.0,
      "p@10": 0.0,
      "recall@10": 0.0,
      "recall@50": 0.4,
      "recall@100": 0.6,
      "ndcg@10": 0.0,
      "ndcg@100": 0.21596672393689526
    },
    "AILA_Q11": {
      "num_relevant": 4,
      "retrieved": 197,
      "ap": 0.20784493284493286,
      "rr": 0.3333333333333333,
      "p@5": 0.2,
      "p@10": 0.2,
      "recall@10": 0.5,
      "recall@50": 0.75,
      "recall@100": 1.0,
      "ndcg@10": 0.312706129752478,
      "ndcg@100": 0.4772125087433563
    },
    "AILA_Q12": {
      "num_relevant": 4,
      "retrieved": 197,
      "ap": 0.07604944090897411,
      "rr": 0.25,
      "p@5": 0.2,
      "p@10": 0.1,
      "recall@10": 0.25,
      "recall@50": 0.25,
      "recall@100": 0.25,
      "ndcg@10": 0.16812753627111746,
      "ndcg@100": 0.16812753627111746
    },
    "AILA_Q13": {
      "num_relevant": 5,
      "retrieved": 197,
      "ap": 0.07091332463702729,
      "rr": 0.07692307692307693,
      "p@5": 0.0,
      "p@10": 0.0,
      "recall@10": 0.0,
      "recall@50": 0.6,
      "recall@100": 1.0,
      "ndcg@10": 0.0,
      "ndcg@100": 0.3344400333395455
    },
    "AILA_Q14": {
      "num_relevant": 5,
      "retrieved": 197,
      "ap": 0.022291589204935586,
      "rr": 0.01694915254237288,
      "p@5": 0.0,
      "p@10": 0.0,
      "recall@10": 0.0,
      "recall@50": 0.0,
      "recall@100": 0.2,
      "ndcg@10": 0.0,
      "ndcg@100": 0.057417722536754784
    },
    "AILA_Q15": {
      "num_relevant": 4,
      "retrieved": 197,
      "ap": 0.01601306405178559,
      "rr": 0.008403361344537815,
      "p@5": 0.0,
      "p@10": 0.0,
      "recall@10": 0.0,
      "recall@50": 0.0,
      "recall@100": 0.0,
      "ndcg@10": 0.0,
      "ndcg@100": 0.0
    },
    "AILA_Q16": {
      "num_relevant": 5,
      "retrieved": 197,
      "ap": 0.03586008158052493,
      "rr": 0.034482758620689655,
      "p@5": 0.0,
      "p@10": 0.0,
      "recall@10": 0.0,
      "recall@50": 0.4,
      "recall@100": 0.6,
      "ndcg@10": 0.0,
      "ndcg@100": 0.18212900725324768
    },
    "AILA_Q17": {
      "num_relevant": 2,
      "retrieved": 197,
      "ap": 0.02609093683246872,
      "rr": 0.034482758620689655,
      "p@5": 0.0,
      "p@10": 0.0,
      "recall@10": 0.0,
      "recall@50": 0.5,
      "recall@100": 0.5,
      "ndcg@10": 0.0,
      "ndcg@100": 0.12495636102304827
    },
    "AILA_Q18": {
      "num_relevant": 4,
      "retrieved": 197,
      "ap": 0.20006835269993162,
      "rr": 0.5,
      "p@5": 0.2,
      "p@10": 0.1,
      "recall@10": 0.25,
      "recall@50": 0.75,
      "recall@100": 0.75,
      "ndcg@10": 0.24630238874073,
      "ndcg@100": 0.43252255539897605
    },
    "AILA_Q19": {
      "num_relevant": 5,
      "retrieved": 197,
      "ap": 0.018864512269150646,
      "rr": 0.01098901098901099,
      "p@5": 0.0,
      "p@10": 0.0,
      "recall@10": 0.0,
      "recall@50": 0.0,
      "recall@100": 0.2,
      "ndcg@10": 0.0,
      "ndcg@100": 0.05199003359793522
    },
    "AILA_Q2": {
      "num_relevant": 3,
      "retrieved": 197,
      "ap": 0.018028846153846156,
      "rr": 0.038461538461538464,
      "p@5": 0.0,
      "p@10": 0.0,
      "recall@10": 0.0,
      "recall@50": 0.3333333333333333,
      "recall@100": 0.3333333333333333,
      "ndcg@10": 0.0,
      "ndcg@100": 0.09869397032195508
    },
    "AILA_Q20": {
      "num_relevant": 4,
      "retrieved": 197,
      "ap": 0.027941853233830846,
      "rr": 0.03125,
      "p@5": 0.0,
      "p@10": 0.0,
      "recall@10": 0.0,
      "recall@50": 0.25,
      "recall@100": 0.5,
      "ndcg@10": 0.0,
      "ndcg@100": 0.14151741877144103
    },
    "AILA_Q21": {
      "num_relevant": 4,
      "retrieved": 197,
      "ap": 0.04730684544349141,
      "rr": 0.1,
      "p@5": 0.0,
      "p@10": 0.1,
      "recall@10": 0.25,
      "recall@50": 0.25,
      "recall@100": 0.75,
      "ndcg@10": 0.11284514134893527,
      "ndcg@100": 0.2354226892254406
    },
    "AILA_Q22": {
      "num_relevant": 5,
      "retrieved": 197,
      "ap": 0.04011274378666566,
      "rr": 0.03571428571428571,
      "p@5": 0.0,
      "p@10": 0.0,
      "recall@10": 0.0,
      "recall@50": 0.2,
      "recall@100": 0.8,
      "ndcg@10": 0.0,
      "ndcg@100": 0.23939515612090437
    },
    "AILA_Q23": {
      "num_relevant": 5,
      "retrieved": 197,
      "ap": 0.031066069804098533,
      "rr": 0.045454545454545456,
      "p@5": 0.0,
      "p@10": 0.0,
      "recall@10": 0.0,
      "recall@50": 0.2,
      "recall@100": 0.6,
      "ndcg@10": 0.0,
      "ndcg@100": 0.18247647808346942
    },
    "AILA_Q24": {
      "num_relevant": 5,
      "retrieved": 197,
      "ap": 0.050407485296222035,
      "rr": 0.16666666666666666,
      "p@5": 0.0,
      "p@10": 0.1,
      "recall@10": 0.2,
      "recall@50": 0.2,
      "recall@100": 0.2,
      "ndcg@10": 0.1208113026994942,
      "ndcg@100": 0.1208113026994942
    },
    "AILA_Q25": {
      "num_relevant": 5,
      "retrieved": 197,
      "ap": 0.04261197642536924,
      "rr": 0.05263157894736842,
      "p@5": 0.0,
      "p@10": 0.0,
      "recall@10": 0.0,
      "recall@50": 0.2,
      "recall@100": 0.8,
      "ndcg@10": 0.0,
      "ndcg@100": 0.24179703132592373
    },
    "AILA_Q26": {
      "num_relevant": 5,
      "retrieved": 197,
      "ap": 0.03979047521868116,
      "rr": 0.020833333333333332,
      "p@5": 0.0,
      "p@10": 0.0,
      "recall@10": 0.0,
      "recall@50": 0.2,
      "recall@100": 1.0,
      "ndcg@10": 0.0,
      "ndcg@100": 0.2768779932357942
    },
    "AILA_Q27": {
      "num_relevant": 4,
      "retrieved": 197,
      "ap": 0.061113471160200133,
      "rr": 0.09090909090909091,
      "p@5": 0.0,
      "p@10": 0.0,
      "recall@10": 0.0,
      "recall@50": 0.5,
      "recall@100": 0.75,
      "ndcg@10": 0.0,
      "ndcg@100": 0.25315141728887813
    },
    "AILA_Q28": {
      "num_relevant": 4,
      "retrieved": 197,
      "ap": 0.04071778215886496,
      "rr": 0.1111111111111111,
      "p@5": 0.0,
      "p@10": 0.1,
      "recall@10": 0.25,
      "recall@50": 0.25,
      "recall@100": 0.25,
      "ndcg@10": 0.11751610475642714,
      "ndcg@100": 0.11751610475642714
    },
    "AILA_Q29": {
      "num_relevant": 4,
      "retrieved": 197,
      "ap": 0.023368749186586543,
      "rr": 0.043478260869565216,
      "p@5": 0.0,
      "p@10": 0.0,
      "recall@10": 0.0,
      "recall@50": 0.25,
      "recall@100": 0.25,
      "ndcg@10": 0.0,
      "ndcg@100": 0.08514356440880375
    },
    "AILA_Q3": {
      "num_relevant": 4,
      "retrieved": 197,
      "ap": 0.2919587893296854,
      "rr": 1.0,
      "p@5": 0.2,
      "p@10": 0.1,
      "recall@10": 0.25,
      "recall@50": 0.75,
      "recall@100": 1.0,
      "ndcg@10": 0.3903800499921017,
      "ndcg@100": 0.5966065789542124
    },
    "AILA_Q30": {
      "num_relevant": 5,
      "retrieved": 197,