{
  "run_file": "D:\\DL Legal AI Project\\runs\\colbert_cases.trec",
  "qrels_file": "D:\\DL Legal AI Project\\data\\processed\\qrels_cases.jsonl",
  "validation": {
    "path": "D:\\DL Legal AI Project\\runs\\colbert_cases.trec",
    "rows": 50000,
    "queries": 50,
    "valid": true,
    "problems": [],
    "last_query_seen": "AILA_Q50"
  },
  "overall": {
    "map": 0.07276183174555446,
    "mrr": 0.1514164427994259,
    "p@5": 0.052000000000000005,
    "p@10": 0.04400000000000001,
    "recall@10": 0.1352253302253302,
    "recall@50": 0.2085617715617716,
    "recall@100": 0.23300932400932403,
    "ndcg@10": 0.10233219518069699,
    "ndcg@100": 0.13150382385617918
  },
  "per_query": {
    "AILA_Q1": {
      "num_relevant": 2,
      "retrieved": 1000,
      "ap": 0.16666666666666666,
      "rr": 0.3333333333333333,
      "p@5": 0.2,
      "p@10": 0.1,
      "recall@10": 0.5,
      "recall@50": 0.5,
      "recall@100": 0.5,
      "ndcg@10": 0.3065735963827292,
      "ndcg@100": 0.3065735963827292
    },
    "AILA_Q10": {
      "num_relevant": 3,
      "retrieved": 1000,
      "ap": 0.010561554423494574,
      "rr": 0.012345679012345678,
      "p@5": 0.0,
      "p@10": 0.0,
      "recall@10": 0.0,
      "recall@50": 0.0,
      "recall@100": 0.3333333333333333,
      "ndcg@10": 0.0,
      "ndcg@100": 0.07381437472817767
    },
    "AILA_Q11": {
      "num_relevant": 2,
      "retrieved": 1000,
      "ap": 0.03754813863928113,
      "rr": 0.02631578947368421,
      "p@5": 0.0,
      "p@10": 0.0,
      "recall@10": 0.0,
      "recall@50": 1.0,
      "recall@100": 1.0,
      "ndcg@10": 0.0,
      "ndcg@100": 0.22971521741621354
    },
    "AILA_Q12": {
      "num_relevant": 1,
      "retrieved": 1000,
      "ap": 0.0,
      "rr": 0.0,
      "p@5": 0.0,
      "p@10": 0.0,
      "recall@10": 0.0,
      "recall@50": 0.0,
      "recall@100": 0.0,
      "ndcg@10": 0.0,
      "ndcg@100": 0.0
    },
    "AILA_Q13": {
      "num_relevant": 3,
      "retrieved": 1000,
      "ap": 0.1743247006404901,
      "rr": 0.5,
      "p@5": 0.2,
      "p@10": 0.1,
      "recall@10": 0.3333333333333333,
      "recall@50": 0.3333333333333333,
      "recall@100": 0.3333333333333333,
      "ndcg@10": 0.2960819109658652,
      "ndcg@100": 0.2960819109658652
    },
    "AILA_Q14": {
      "num_relevant": 1,
      "retrieved": 1000,
      "ap": 0.14285714285714285,
      "rr": 0.14285714285714285,
      "p@5": 0.0,
      "p@10": 0.1,
      "recall@10": 1.0,
      "recall@50": 1.0,
      "recall@100": 1.0,
      "ndcg@10": 0.3333333333333333,
      "ndcg@100": 0.3333333333333333
    },
    "AILA_Q15": {
      "num_relevant": 1,
      "retrieved": 1000,
      "ap": 0.001445086705202312,
      "rr": 0.001445086705202312,
      "p@5": 0.0,
      "p@10": 0.0,
      "recall@10": 0.0,
      "recall@50": 0.0,
      "recall@100": 0.0,
      "ndcg@10": 0.0,
      "ndcg@100": 0.0
    },
    "AILA_Q16": {
      "num_relevant": 2,
      "retrieved": 1000,
      "ap": 0.002139059454414012,
      "rr": 0.0021321961620469083,
      "p@5": 0.0,
      "p@10": 0.0,
      "recall@10": 0.0,
      "recall@50": 0.0,
      "recall@100": 0.0,
      "ndcg@10": 0.0,
      "ndcg@100": 0.0
    },
    "AILA_Q17": {
      "num_relevant": 3,
      "retrieved": 1000,
      "ap": 0.005511177044898373,
      "rr": 0.004830917874396135,
      "p@5": 0.0,
      "p@10": 0.0,
      "recall@10": 0.0,
      "recall@50": 0.0,
      "recall@100": 0.0,
      "ndcg@10": 0.0,
      "ndcg@100": 0.0
    },
    "AILA_Q18": {
      "num_relevant": 1,
      "retrieved": 1000,
      "ap": 1.0,
      "rr": 1.0,
      "p@5": 0.2,
      "p@10": 0.1,
      "recall@10": 1.0,
      "recall@50": 1.0,
      "recall@100": 1.0,
      "ndcg@10": 1.0,
      "ndcg@100": 1.0
    },
    "AILA_Q19": {
      "num_relevant": 4,
      "retrieved": 1000,
      "ap": 0.015552428580847287,
      "rr": 0.04,
      "p@5": 0.0,
      "p@10": 0.0,
      "recall@10": 0.0,
      "recall@50": 0.25,
      "recall@100": 0.25,
      "ndcg@10": 0.0,
      "ndcg@100": 0.08305181502178426
    },
    "AILA_Q2": {
      "num_relevant": 2,
      "retrieved": 1000,
      "ap": 0.0009090909090909091,
      "rr": 0.0018181818181818182,
      "p@5": 0.0,
      "p@10": 0.0,
      "recall@10": 0.0,
      "recall@50": 0.0,
      "recall@100": 0.0,
      "ndcg@10": 0.0,
      "ndcg@100": 0.0
    },
    "AILA_Q20": {
      "num_relevant": 2,
      "retrieved": 1000,
      "ap": 0.0018145167193186376,
      "rr": 0.0012106537530266344,
      "p@5": 0.0,
      "p@10": 0.0,
      "recall@10": 0.0,
      "recall@50": 0.0,
      "recall@100": 0.0,
      "ndcg@10": 0.0,
      "ndcg@100": 0.0
    },
    "AILA_Q21": {
      "num_relevant": 4,
      "retrieved": 1000,
      "ap": 0.3088148571532257,
      "rr": 1.0,
      "p@5": 0.2,
      "p@10": 0.2,
      "recall@10": 0.5,
      "recall@50": 0.5,
      "recall@100": 0.5,
      "ndcg@10": 0.5078961547485289,
      "ndcg@100": 0.5078961547485289
    },
    "AILA_Q22": {
      "num_relevant": 2,
      "retrieved": 1000,
      "ap": 0.0,
      "rr": 0.0,
      "p@5": 0.0,
      "p@10": 0.0,
      "recall@10": 0.0,
      "recall@50": 0.0,
      "recall@100": 0.0,
      "ndcg@10": 0.0,
      "ndcg@100": 0.0
    },
    "AILA_Q23": {
      "num_relevant": 2,
      "retrieved": 1000,
      "ap": 0.003205128205128205,
      "rr": 0.00641025641025641,
      "p@5": 0.0,
      "p@10": 0.0,
      "recall@10": 0.0,
      "recall@50": 0.0,
      "recall@100": 0.0,
      "ndcg@10": 0.0,
      "ndcg@100": 0.0
    },
    "AILA_Q24": {
      "num_relevant": 1,
      "retrieved": 1000,
      "ap": 0.0025974025974025974,
      "rr": 0.0025974025974025974,
      "p@5": 0.0,
      "p@10": 0.0,
      "recall@10": 0.0,
      "recall@50": 0.0,
      "recall@100": 0.0,
      "ndcg@10": 0.0,
      "ndcg@100": 0.0
    },
    "AILA_Q25": {
      "num_relevant": 6,
      "retrieved": 1000,
      "ap": 0.03074044658513812,
      "rr": 0.16666666666666666,
      "p@5": 0.0,
      "p@10": 0.1,
      "recall@10": 0.16666666666666666,
      "recall@50": 0.16666666666666666,
      "recall@100": 0.16666666666666666,
      "ndcg@10": 0.10778915452451093,
      "ndcg@100": 0.10778915452451093
    },
    "AILA_Q26": {
      "num_relevant": 8,
      "retrieved": 1000,
      "ap": 0.06715631530838885,
      "rr": 0.2,
      "p@5": 0.2,
      "p@10": 0.2,
      "recall@10": 0.25,
      "recall@50": 0.25,
      "recall@100": 0.25,
      "ndcg@10": 0.1821658288910461,
      "ndcg@100": 0.1821658288910461
    },
    "AILA_Q27": {
      "num_relevant": 5,
      "retrieved": 1000,
      "ap": 0.020075729788439484,
      "rr": 0.021739130434782608,
      "p@5": 0.0,
      "p@10": 0.0,
      "recall@10": 0.0,
      "recall@50": 0.2,
      "recall@100": 0.4,
      "ndcg@10": 0.0,
      "ndcg@100": 0.1184771842413201
    },
    "AILA_Q28": {
      "num_relevant": 2,
      "retrieved": 1000,
      "ap": 0.0008210180623973727,
      "rr": 0.0016420361247947454,
      "p@5": 0.0,
      "p@10": 0.0,
      "recall@10": 0.0,
      "recall@50": 0.0,
      "recall@100": 0.0,
      "ndcg@10": 0.0,
      "ndcg@100": 0.0
    },
    "AILA_Q29": {
      "num_relevant": 22,
      "retrieved": 1000,
      "ap": 0.06764904826211499,
      "rr": 1.0,
      "p@5": 0.2,
      "p@10": 0.1,
      "recall@10": 0.045454545454545456,
      "recall@50": 0.09090909090909091,
      "recall@100": 0.13636363636363635,
      "ndcg@10": 0.22009176629808017,
      "ndcg@100": 0.18110352576896854
    },
    "AILA_Q3": {
      "num_relevant": 1,
      "retrieved": 1000,
      "ap": 0.0,
      "rr": 0.0,
      "p@5": 0.0,
      "p@10": 0.0,
      "recall@10": 0.0,
      "recall@50": 0.0,
      "recall@100": 0.0,
      "ndcg@10": 0.0,
      "ndcg@100": 0.0
    },
    "AILA_Q30": {
      "num_relevant": 10,
      "retrieved": 1000,
      "ap": 0.01346833357126632,
      "rr": 0.03333333333333333,
      "p@5": 0.0,
      "p@10": 0.0,
      "recall@10": 0.0,
      "recall@50": 0.2,
      "recall@100": 0.2,