{
  "run_file": "D:\\DL Legal AI Project\\runs\\doc2query_bm25_statutes.trec",
  "qrels_file": "D:\\DL Legal AI Project\\data\\processed\\qrels_statutes.jsonl",
  "validation": {
    "path": "D:\\DL Legal AI Project\\runs\\doc2query_bm25_statutes.trec",
    "rows": 9850,
    "queries": 50,
    "valid": true,
    "problems": [],
    "last_query_seen": "AILA_Q50"
  },
  "overall": {
    "map": 0.07620691723300528,
    "mrr": 0.1783064315080617,
    "p@5": 0.056000000000000015,
    "p@10": 0.05200000000000002,
    "recall@10": 0.12200000000000003,
    "recall@50": 0.2753333333333334,
    "recall@100": 0.44733333333333336,
    "ndcg@10": 0.09481937436678566,
    "ndcg@100": 0.19563447278418397
  },
  "per_query": {
    "AILA_Q1": {
      "num_relevant": 4,
      "retrieved": 197,
      "ap": 0.022006234042013028,
      "rr": 0.015625,
      "p@5": 0.0,
      "p@10": 0.0,
      "recall@10": 0.0,
      "recall@50": 0.0,
      "recall@100": 0.5,
      "ndcg@10": 0.0,
      "ndcg@100": 0.12622583419458475
    },
    "AILA_Q10": {
      "num_relevant": 5,
      "retrieved": 197,
      "ap": 0.2741400286019296,
      "rr": 1.0,
      "p@5": 0.2,
      "p@10": 0.2,
      "recall@10": 0.4,
      "recall@50": 0.6,
      "recall@100": 0.8,
      "ndcg@10": 0.4371994911049732,
      "ndcg@100": 0.5570832660624034
    },
    "AILA_Q11": {
      "num_relevant": 4,
      "retrieved": 197,
      "ap": 0.550141242937853,
      "rr": 1.0,
      "p@5": 0.4,
      "p@10": 0.3,
      "recall@10": 0.75,
      "recall@50": 0.75,
      "recall@100": 0.75,
      "ndcg@10": 0.7246262544989281,
      "ndcg@100": 0.7246262544989281
    },
    "AILA_Q12": {
      "num_relevant": 4,
      "retrieved": 197,
      "ap": 0.13770370731793866,
      "rr": 0.5,
      "p@5": 0.2,
      "p@10": 0.1,
      "recall@10": 0.25,
      "recall@50": 0.25,
      "recall@100": 0.25,
      "ndcg@10": 0.24630238874073,
      "ndcg@100": 0.24630238874073
    },
    "AILA_Q13": {
      "num_relevant": 5,
      "retrieved": 197,
      "ap": 0.06592193897333778,
      "rr": 0.05555555555555555,
      "p@5": 0.0,
      "p@10": 0.0,
      "recall@10": 0.0,
      "recall@50": 0.4,
      "recall@100": 1.0,
      "ndcg@10": 0.0,
      "ndcg@100": 0.3222074838215533
    },
    "AILA_Q14": {
      "num_relevant": 5,
      "retrieved": 197,
      "ap": 0.02120972198774914,
      "rr": 0.0125,
      "p@5": 0.0,
      "p@10": 0.0,
      "recall@10": 0.0,
      "recall@50": 0.0,
      "recall@100": 0.2,
      "ndcg@10": 0.0,
      "ndcg@100": 0.05349656618363189
    },
    "AILA_Q15": {
      "num_relevant": 4,
      "retrieved": 197,
      "ap": 0.01500029774394358,
      "rr": 0.00909090909090909,
      "p@5": 0.0,
      "p@10": 0.0,
      "recall@10": 0.0,
      "recall@50": 0.0,
      "recall@100": 0.0,
      "ndcg@10": 0.0,
      "ndcg@100": 0.0
    },
    "AILA_Q16": {
      "num_relevant": 5,
      "retrieved": 197,
      "ap": 0.04121012041180109,
      "rr": 0.08333333333333333,
      "p@5": 0.0,
      "p@10": 0.0,
      "recall@10": 0.0,
      "recall@50": 0.4,
      "recall@100": 0.4,
      "ndcg@10": 0.0,
      "ndcg@100": 0.15174772873667225
    },
    "AILA_Q17": {
      "num_relevant": 2,
      "retrieved": 197,
      "ap": 0.0697992700729927,
      "rr": 0.125,
      "p@5": 0.0,
      "p@10": 0.1,
      "recall@10": 0.5,
      "recall@50": 0.5,
      "recall@100": 0.5,
      "ndcg@10": 0.19342640361727081,
      "ndcg@100": 0.19342640361727081
    },
    "AILA_Q18": {
      "num_relevant": 4,
      "retrieved": 197,
      "ap": 0.2196331290432414,
      "rr": 0.25,
      "p@5": 0.2,
      "p@10": 0.2,
      "recall@10": 0.5,
      "recall@50": 0.75,
      "recall@100": 0.75,
      "ndcg@10": 0.3071837157818931,
      "ndcg@100": 0.41607747685012525
    },
    "AILA_Q19": {
      "num_relevant": 5,
      "retrieved": 197,
      "ap": 0.01744408186482565,
      "rr": 0.012345679012345678,
      "p@5": 0.0,
      "p@10": 0.0,
      "recall@10": 0.0,
      "recall@50": 0.0,
      "recall@100": 0.2,
      "ndcg@10": 0.0,
      "ndcg@100": 0.053347610059225996
    },
    "AILA_Q2": {
      "num_relevant": 3,
      "retrieved": 197,
      "ap": 0.03477730323367907,
      "rr": 0.09090909090909091,
      "p@5": 0.0,
      "p@10": 0.0,
      "recall@10": 0.0,
      "recall@50": 0.3333333333333333,
      "recall@100": 0.3333333333333333,
      "ndcg@10": 0.0,
      "ndcg@100": 0.1309019901681972
    },
    "AILA_Q20": {
      "num_relevant": 4,
      "retrieved": 197,
      "ap": 0.02612583130209744,
      "rr": 0.030303030303030304,
      "p@5": 0.0,
      "p@10": 0.0,
      "recall@10": 0.0,
      "recall@50": 0.25,
      "recall@100": 0.5,
      "ndcg@10": 0.0,
      "ndcg@100": 0.1390272370441193
    },
    "AILA_Q21": {
      "num_relevant": 4,
      "retrieved": 197,
      "ap": 0.042361111111111106,
      "rr": 0.08333333333333333,
      "p@5": 0.0,
      "p@10": 0.0,
      "recall@10": 0.0,
      "recall@50": 0.25,
      "recall@100": 0.75,
      "ndcg@10": 0.0,
      "ndcg@100": 0.2285501505437225
    },
    "AILA_Q22": {
      "num_relevant": 5,
      "retrieved": 197,
      "ap": 0.07704841426877647,
      "rr": 0.1,
      "p@5": 0.0,
      "p@10": 0.1,
      "recall@10": 0.2,
      "recall@50": 0.4,
      "recall@100": 0.6,
      "ndcg@10": 0.09803928583135704,
      "ndcg@100": 0.2471110362964448
    },
    "AILA_Q23": {
      "num_relevant": 5,
      "retrieved": 197,
      "ap": 0.022591602529449195,
      "rr": 0.02,
      "p@5": 0.0,
      "p@10": 0.0,
      "recall@10": 0.0,
      "recall@50": 0.2,
      "recall@100": 0.2,
      "ndcg@10": 0.0,
      "ndcg@100": 0.05979103907531349
    },
    "AILA_Q24": {
      "num_relevant": 5,
      "retrieved": 197,
      "ap": 0.2186330017627045,
      "rr": 1.0,
      "p@5": 0.2,
      "p@10": 0.1,
      "recall@10": 0.2,
      "recall@50": 0.2,
      "recall@100": 0.4,
      "ndcg@10": 0.3391602052736161,
      "ndcg@100": 0.3923614770345279
    },
    "AILA_Q25": {
      "num_relevant": 5,
      "retrieved": 197,
      "ap": 0.034647766799648295,
      "rr": 0.027777777777777776,
      "p@5": 0.0,
      "p@10": 0.0,
      "recall@10": 0.0,
      "recall@50": 0.2,
      "recall@100": 0.6,
      "ndcg@10": 0.0,
      "ndcg@100": 0.17526534986370984
    },
    "AILA_Q26": {
      "num_relevant": 5,
      "retrieved": 197,
      "ap": 0.03582742526290914,
      "rr": 0.017857142857142856,
      "p@5": 0.0,
      "p@10": 0.0,
      "recall@10": 0.0,
      "recall@50": 0.0,
      "recall@100": 0.8,
      "ndcg@10": 0.0,
      "ndcg@100": 0.22115190039114052
    },
    "AILA_Q27": {
      "num_relevant": 4,
      "retrieved": 197,
      "ap": 0.0753782894736842,
      "rr": 0.125,
      "p@5": 0.0,
      "p@10": 0.1,
      "recall@10": 0.25,
      "recall@50": 0.5,
      "recall@100": 0.75,
      "ndcg@10": 0.123151194370365,
      "ndcg@100": 0.2759581595293616
    },
    "AILA_Q28": {
      "num_relevant": 4,
      "retrieved": 197,
      "ap": 0.0636588708322021,
      "rr": 0.2,
      "p@5": 0.2,
      "p@10": 0.1,
      "recall@10": 0.25,
      "recall@50": 0.25,
      "recall@100": 0.25,
      "ndcg@10": 0.15101961822780524,
      "ndcg@100": 0.15101961822780524
    },
    "AILA_Q29": {
      "num_relevant": 4,
      "retrieved": 197,
      "ap": 0.037033940915329536,
      "rr": 0.1,
      "p@5": 0.0,
      "p@10": 0.1,
      "recall@10": 0.25,
      "recall@50": 0.25,
      "recall@100": 0.25,
      "ndcg@10": 0.11284514134893527,
      "ndcg@100": 0.11284514134893527
    },
    "AILA_Q3": {
      "num_relevant": 4,
      "retrieved": 197,
      "ap": 0.12761836820968084,
      "rr": 0.25,
      "p@5": 0.2,
      "p@10": 0.1,
      "recall@10": 0.25,
      "recall@50": 0.75,
      "recall@100": 1.0,
      "ndcg@10": 0.16812753627111746,
      "ndcg@100": 0.40065278620949396
    },
    "AILA_Q30": {
      "num_relevant": 5,
      "retrieved": 197,
      "ap": 0.05648956679236555,
      "rr": 0.08333333333333333,
      "p@5": 0.0,
      "p@10": 0.0,