{
  "run_file": "D:\\DL Legal AI Project\\runs\\doc2query_bm25_cases.trec",
  "qrels_file": "D:\\DL Legal AI Project\\data\\processed\\qrels_cases.jsonl",
  "validation": {
    "path": "D:\\DL Legal AI Project\\runs\\doc2query_bm25_cases.trec",
    "rows": 50000,
    "queries": 50,
    "valid": true,
    "problems": [],
    "last_query_seen": "AILA_Q50"
  },
  "overall": {
    "map": 0.10750629479954382,
    "mrr": 0.2127814811608836,
    "p@5": 0.08,
    "p@10": 0.05800000000000001,
    "recall@10": 0.14765268065268067,
    "recall@50": 0.24547202797202794,
    "recall@100": 0.30104778554778555,
    "ndcg@10": 0.13601770981714723,
    "ndcg@100": 0.18186937568202505
  },
  "per_query": {
    "AILA_Q1": {
      "num_relevant": 2,
      "retrieved": 1000,
      "ap": 0.03125,
      "rr": 0.0625,
      "p@5": 0.0,
      "p@10": 0.0,
      "recall@10": 0.0,
      "recall@50": 0.5,
      "recall@100": 0.5,
      "ndcg@10": 0.0,
      "ndcg@100": 0.15000679310833784
    },
    "AILA_Q10": {
      "num_relevant": 3,
      "retrieved": 1000,
      "ap": 0.009199086266880999,
      "rr": 0.007194244604316547,
      "p@5": 0.0,
      "p@10": 0.0,
      "recall@10": 0.0,
      "recall@50": 0.0,
      "recall@100": 0.0,
      "ndcg@10": 0.0,
      "ndcg@100": 0.0
    },
    "AILA_Q11": {
      "num_relevant": 2,
      "retrieved": 1000,
      "ap": 0.06631578947368422,
      "rr": 0.05263157894736842,
      "p@5": 0.0,
      "p@10": 0.0,
      "recall@10": 0.0,
      "recall@50": 1.0,
      "recall@100": 1.0,
      "ndcg@10": 0.0,
      "ndcg@100": 0.2723135473741687
    },
    "AILA_Q12": {
      "num_relevant": 1,
      "retrieved": 1000,
      "ap": 0.0,
      "rr": 0.0,
      "p@5": 0.0,
      "p@10": 0.0,
      "recall@10": 0.0,
      "recall@50": 0.0,
      "recall@100": 0.0,
      "ndcg@10": 0.0,
      "ndcg@100": 0.0
    },
    "AILA_Q13": {
      "num_relevant": 3,
      "retrieved": 1000,
      "ap": 0.1848290598290598,
      "rr": 0.5,
      "p@5": 0.2,
      "p@10": 0.1,
      "recall@10": 0.3333333333333333,
      "recall@50": 0.6666666666666666,
      "recall@100": 0.6666666666666666,
      "ndcg@10": 0.2960819109658652,
      "ndcg@100": 0.3796621384489664
    },
    "AILA_Q14": {
      "num_relevant": 1,
      "retrieved": 1000,
      "ap": 0.5,
      "rr": 0.5,
      "p@5": 0.2,
      "p@10": 0.1,
      "recall@10": 1.0,
      "recall@50": 1.0,
      "recall@100": 1.0,
      "ndcg@10": 0.6309297535714575,
      "ndcg@100": 0.6309297535714575
    },
    "AILA_Q15": {
      "num_relevant": 1,
      "retrieved": 1000,
      "ap": 0.002197802197802198,
      "rr": 0.002197802197802198,
      "p@5": 0.0,
      "p@10": 0.0,
      "recall@10": 0.0,
      "recall@50": 0.0,
      "recall@100": 0.0,
      "ndcg@10": 0.0,
      "ndcg@100": 0.0
    },
    "AILA_Q16": {
      "num_relevant": 2,
      "retrieved": 1000,
      "ap": 0.0026533481456375877,
      "rr": 0.0017793594306049821,
      "p@5": 0.0,
      "p@10": 0.0,
      "recall@10": 0.0,
      "recall@50": 0.0,
      "recall@100": 0.0,
      "ndcg@10": 0.0,
      "ndcg@100": 0.0
    },
    "AILA_Q17": {
      "num_relevant": 3,
      "retrieved": 1000,
      "ap": 0.028548993855724052,
      "rr": 0.02564102564102564,
      "p@5": 0.0,
      "p@10": 0.0,
      "recall@10": 0.0,
      "recall@50": 0.3333333333333333,
      "recall@100": 1.0,
      "ndcg@10": 0.0,
      "ndcg@100": 0.23551760161368201
    },
    "AILA_Q18": {
      "num_relevant": 1,
      "retrieved": 1000,
      "ap": 1.0,
      "rr": 1.0,
      "p@5": 0.2,
      "p@10": 0.1,
      "recall@10": 1.0,
      "recall@50": 1.0,
      "recall@100": 1.0,
      "ndcg@10": 1.0,
      "ndcg@100": 1.0
    },
    "AILA_Q19": {
      "num_relevant": 4,
      "retrieved": 1000,
      "ap": 0.00734407360722141,
      "rr": 0.013513513513513514,
      "p@5": 0.0,
      "p@10": 0.0,
      "recall@10": 0.0,
      "recall@50": 0.0,
      "recall@100": 0.25,
      "ndcg@10": 0.0,
      "ndcg@100": 0.06267320809766952
    },
    "AILA_Q2": {
      "num_relevant": 2,
      "retrieved": 1000,
      "ap": 0.002615328041388755,
      "rr": 0.0019083969465648854,
      "p@5": 0.0,
      "p@10": 0.0,
      "recall@10": 0.0,
      "recall@50": 0.0,
      "recall@100": 0.0,
      "ndcg@10": 0.0,
      "ndcg@100": 0.0
    },
    "AILA_Q20": {
      "num_relevant": 2,
      "retrieved": 1000,
      "ap": 0.0016037324896256047,
      "rr": 0.001075268817204301,
      "p@5": 0.0,
      "p@10": 0.0,
      "recall@10": 0.0,
      "recall@50": 0.0,
      "recall@100": 0.0,
      "ndcg@10": 0.0,
      "ndcg@100": 0.0
    },
    "AILA_Q21": {
      "num_relevant": 4,
      "retrieved": 1000,
      "ap": 0.378020989767052,
      "rr": 1.0,
      "p@5": 0.4,
      "p@10": 0.2,
      "recall@10": 0.5,
      "recall@50": 0.5,
      "recall@100": 0.5,
      "ndcg@10": 0.5585075862632192,
      "ndcg@100": 0.5585075862632192
    },
    "AILA_Q22": {
      "num_relevant": 2,
      "retrieved": 1000,
      "ap": 0.0,
      "rr": 0.0,
      "p@5": 0.0,
      "p@10": 0.0,
      "recall@10": 0.0,
      "recall@50": 0.0,
      "recall@100": 0.0,
      "ndcg@10": 0.0,
      "ndcg@100": 0.0
    },
    "AILA_Q23": {
      "num_relevant": 2,
      "retrieved": 1000,
      "ap": 0.0035971223021582736,
      "rr": 0.007194244604316547,
      "p@5": 0.0,
      "p@10": 0.0,
      "recall@10": 0.0,
      "recall@50": 0.0,
      "recall@100": 0.0,
      "ndcg@10": 0.0,
      "ndcg@100": 0.0
    },
    "AILA_Q24": {
      "num_relevant": 1,
      "retrieved": 1000,
      "ap": 0.001718213058419244,
      "rr": 0.001718213058419244,
      "p@5": 0.0,
      "p@10": 0.0,
      "recall@10": 0.0,
      "recall@50": 0.0,
      "recall@100": 0.0,
      "ndcg@10": 0.0,
      "ndcg@100": 0.0
    },
    "AILA_Q25": {
      "num_relevant": 6,
      "retrieved": 1000,
      "ap": 0.04998477423306747,
      "rr": 0.2,
      "p@5": 0.2,
      "p@10": 0.1,
      "recall@10": 0.16666666666666666,
      "recall@50": 0.3333333333333333,
      "recall@100": 0.3333333333333333,
      "ndcg@10": 0.11706259313796354,
      "ndcg@100": 0.18144006240555904
    },
    "AILA_Q26": {
      "num_relevant": 8,
      "retrieved": 1000,
      "ap": 0.19813637106042684,
      "rr": 1.0,
      "p@5": 0.2,
      "p@10": 0.2,
      "recall@10": 0.25,
      "recall@50": 0.375,
      "recall@100": 0.625,
      "ndcg@10": 0.3327372413301053,
      "ndcg@100": 0.4699025107369172
    },
    "AILA_Q27": {
      "num_relevant": 5,
      "retrieved": 1000,
      "ap": 0.33361813020615194,
      "rr": 1.0,
      "p@5": 0.4,
      "p@10": 0.2,
      "recall@10": 0.4,
      "recall@50": 0.6,
      "recall@100": 1.0,
      "ndcg@10": 0.4703652827859579,
      "ndcg@100": 0.656593320775835
    },
    "AILA_Q28": {
      "num_relevant": 2,
      "retrieved": 1000,
      "ap": 0.0006765899864682003,
      "rr": 0.0013531799729364006,
      "p@5": 0.0,
      "p@10": 0.0,
      "recall@10": 0.0,
      "recall@50": 0.0,
      "recall@100": 0.0,
      "ndcg@10": 0.0,
      "ndcg@100": 0.0
    },
    "AILA_Q29": {
      "num_relevant": 22,
      "retrieved": 1000,
      "ap": 0.06472303861733392,
      "rr": 1.0,
      "p@5": 0.2,
      "p@10": 0.1,
      "recall@10": 0.045454545454545456,
      "recall@50": 0.09090909090909091,
      "recall@100": 0.13636363636363635,
      "ndcg@10": 0.22009176629808017,
      "ndcg@100": 0.18573832705456042
    },
    "AILA_Q3": {
      "num_relevant": 1,
      "retrieved": 1000,
      "ap": 0.0013245033112582781,
      "rr": 0.0013245033112582781,
      "p@5": 0.0,
      "p@10": 0.0,
      "recall@10": 0.0,
      "recall@50": 0.0,
      "recall@100": 0.0,
      "ndcg@10": 0.0,
      "ndcg@100": 0.0
    },
    "AILA_Q30": {
      "num_relevant": 10,
      "retrieved": 1000,
      "ap": 0.0324337585314194,
      "rr": 0.06666666666666667,
      "p@5": 0.0,
      "p@10": 0.0,
      "recall@10": 0.0,
      "recall@50": 0.2,
      "recall@100": 0.2,
      "ndcg@10": 0.0,